-- MySQL dump 10.13  Distrib 5.7.17, for Win64 (x86_64)
--
-- Host: 204.93.172.30    Database: rajarshi_ce_inventory_db
-- ------------------------------------------------------
-- Server version	5.1.66-community

/*!40101 SET @OLD_CHARACTER_SET_CLIENT=@@CHARACTER_SET_CLIENT */;
/*!40101 SET @OLD_CHARACTER_SET_RESULTS=@@CHARACTER_SET_RESULTS */;
/*!40101 SET @OLD_COLLATION_CONNECTION=@@COLLATION_CONNECTION */;
/*!40101 SET NAMES utf8 */;
/*!40103 SET @OLD_TIME_ZONE=@@TIME_ZONE */;
/*!40103 SET TIME_ZONE='+00:00' */;
/*!40014 SET @OLD_UNIQUE_CHECKS=@@UNIQUE_CHECKS, UNIQUE_CHECKS=0 */;
/*!40014 SET @OLD_FOREIGN_KEY_CHECKS=@@FOREIGN_KEY_CHECKS, FOREIGN_KEY_CHECKS=0 */;
/*!40101 SET @OLD_SQL_MODE=@@SQL_MODE, SQL_MODE='NO_AUTO_VALUE_ON_ZERO' */;
/*!40111 SET @OLD_SQL_NOTES=@@SQL_NOTES, SQL_NOTES=0 */;

--
-- Table structure for table `asset`
--

DROP TABLE IF EXISTS `asset`;
/*!40101 SET @saved_cs_client     = @@character_set_client */;
/*!40101 SET character_set_client = utf8 */;
CREATE TABLE `asset` (
  `id` int(11) NOT NULL AUTO_INCREMENT COMMENT 'id (primary key) is the asset_code field\n',
  `asset_type_id` int(11) NOT NULL,
  `serial_no` varchar(100) DEFAULT NULL,
  `purchase_date` timestamp NULL DEFAULT NULL,
  `purchase_price` decimal(10,2) DEFAULT NULL,
  `supplier` int(11) DEFAULT NULL,
  `warehouse_location` int(11) DEFAULT NULL,
  `procurement_date` timestamp NULL DEFAULT NULL,
  `status` varchar(50) DEFAULT NULL,
  `create_timestamp` timestamp NOT NULL DEFAULT '0000-00-00 00:00:00',
  `update_timestamp` timestamp NOT NULL DEFAULT CURRENT_TIMESTAMP ON UPDATE CURRENT_TIMESTAMP,
  `part_code` varchar(50) DEFAULT NULL,
  `make` varchar(100) DEFAULT NULL,
  `warranty_end_date` timestamp NULL DEFAULT NULL,
  `transfer_order_no` varchar(50) DEFAULT NULL,
  `comments` varchar(100) DEFAULT NULL,
  `supplier_invoice` varchar(100) DEFAULT NULL,
  `supplier_date` timestamp NULL DEFAULT NULL,
  `branch` varchar(45) NOT NULL,
  `transfer_order_date` timestamp NULL DEFAULT NULL,
  PRIMARY KEY (`id`),
  UNIQUE KEY `serial_no_UNIQUE` (`serial_no`),
  KEY `asset_type_id_idx` (`asset_type_id`),
  CONSTRAINT `asset_type_id2` FOREIGN KEY (`asset_type_id`) REFERENCES `asset_types` (`id`) ON DELETE NO ACTION ON UPDATE NO ACTION
) ENGINE=InnoDB AUTO_INCREMENT=54 DEFAULT CHARSET=utf8;
/*!40101 SET character_set_client = @saved_cs_client */;

--
-- Dumping data for table `asset`
--

LOCK TABLES `asset` WRITE;
/*!40000 ALTER TABLE `asset` DISABLE KEYS */;
INSERT INTO `asset` VALUES (1,1,'d3','2018-04-09 20:08:07',10000.00,0,0,'2018-04-09 20:08:07','1','2018-04-09 09:40:32','2018-05-03 11:22:24','p-001','DELL Inspiron','2018-04-18 16:36:46','p-00001','Hi Hi        ','p-01','2018-04-09 14:38:07','Pune',NULL),(2,1,'d1','2016-04-09 20:08:07',10000.00,0,0,'2018-04-09 20:08:07','2','2018-04-09 09:40:32','2018-05-03 06:11:19','p-001','DELL Inspiron','2020-01-08 06:00:00','p-00001',' ABC  ','p-01','2018-04-09 14:38:07','Pune',NULL),(3,1,'d5','2018-04-09 20:08:07',10000.00,0,0,'2018-04-09 20:08:07','2','2018-04-09 09:40:33','2018-05-02 11:00:21','p-001','DELL Inspiron','2018-04-09 20:08:07','p-00001',' XYZ ','p-01','2018-04-09 14:38:07','Pune',NULL),(4,1,'d2','2015-09-09 20:08:07',10000.00,0,0,'2018-04-09 20:08:07','0','2018-04-09 09:40:33','2018-04-19 07:47:30','p-001','DELL Inspiron','2018-04-12 22:17:15','p-00001',NULL,'p-01','2018-04-09 14:38:07','Pune',NULL),(5,1,'d4','2018-04-09 20:08:07',10000.00,0,0,'2018-04-09 20:08:07','1','2018-04-09 09:40:33','2018-05-03 10:22:44','p-001','DELL Inspiron','2018-04-09 20:08:07','p-00001',' ','p-01','2018-04-09 14:38:07','Pune',NULL),(6,1,'d8','2018-04-09 20:11:28',12000.00,0,0,'2018-04-09 20:11:28','2','2018-04-09 09:43:03','2018-04-20 07:46:48','p-02','AMD Sempron','2018-04-09 20:11:28','p-00002','Bad','p-002','2018-04-09 14:41:28','Bangalore',NULL),(7,1,'d7','2018-04-09 20:11:28',12000.00,0,0,'2018-04-09 20:11:28','2','2018-04-09 09:43:04','2018-04-20 07:46:48','p-02','AMD Sempron','2018-04-09 20:11:28','p-00002','Damaged','p-002','2018-04-09 14:41:28','Bangalore',NULL),(8,1,'d6','2018-04-09 20:11:28',12000.00,0,0,'2018-04-09 20:11:28','2','2018-04-09 09:43:04','2018-04-20 07:51:51','p-02','AMD Sempron','2018-04-09 20:11:28','p-00002',' XX','p-002','2018-04-09 14:41:28','Bangalore',NULL),(9,1,'d10','2018-04-09 20:14:33',9000.00,0,0,'2018-04-09 20:14:33','0','2018-04-09 09:46:26','2018-04-24 11:35:56','p-03','Dell Inspiron','2018-04-26 21:49:58','p-0003',NULL,'p-003','2018-04-09 14:44:33','Kolkata',NULL),(10,1,'d9','2018-04-09 20:14:33',9000.00,0,0,'2018-04-09 20:14:33','0','2018-04-09 09:46:26','2018-05-04 05:26:58','p-03','Dell Inspiron','2018-04-09 20:14:33','p-0003',' ','p-003','2018-04-09 14:44:33','Kolkata',NULL),(13,3,'r1','2018-04-10 16:41:32',2000.00,0,0,'2018-04-10 16:41:32','0','2018-04-10 06:13:50','2018-04-19 07:47:30','r-01','Gigatron','2022-01-12 06:00:00','r-0001','First RAM','r-001','2018-04-10 11:11:32','Pune',NULL),(14,3,'r2','0000-00-00 00:00:00',0.00,0,0,'0000-00-00 00:00:00','0','2018-04-10 06:30:46','2018-04-19 07:47:30','','Zebronics','0000-00-00 00:00:00','','Removed First','','0000-00-00 00:00:00','Kolkata',NULL),(15,3,'r3','0000-00-00 00:00:00',0.00,0,0,'0000-00-00 00:00:00','0','2018-04-10 06:33:04','2018-04-19 07:47:30','','Gigatron','0000-00-00 00:00:00','','They Broke It.','','0000-00-00 00:00:00','Kolkata',NULL),(16,3,'r4','0000-00-00 00:00:00',0.00,0,0,'0000-00-00 00:00:00','0','2018-04-10 07:25:11','2018-04-20 09:47:12','','Zebronics','0000-00-00 00:00:00','','Second Damaged ','','0000-00-00 00:00:00','Pune',NULL),(17,3,'r5','0000-00-00 00:00:00',0.00,0,0,'0000-00-00 00:00:00','0','2018-04-10 07:27:31','2018-04-25 08:09:36','','Gigatron','0000-00-00 00:00:00','','Third Damaged GG','','0000-00-00 00:00:00','Bangalore',NULL),(18,3,'r6','0000-00-00 00:00:00',0.00,0,0,'0000-00-00 00:00:00','0','2018-04-11 10:23:02','2018-04-25 08:09:36','','Zebronics','0000-00-00 00:00:00','','Third RAM MM','','0000-00-00 00:00:00','Pune',NULL),(19,3,'r-test','0000-00-00 00:00:00',0.00,0,0,'0000-00-00 00:00:00','0','2018-04-16 10:16:56','2018-04-20 09:53:14','','Giga','0000-00-00 00:00:00','','','','0000-00-00 00:00:00','Pune',NULL),(20,3,'ram-d2','0000-00-00 00:00:00',0.00,0,0,'0000-00-00 00:00:00','0','2018-04-17 06:57:50','2018-04-27 06:06:56','','Zebronics','0000-00-00 00:00:00','','Testing Hello','','0000-00-00 00:00:00','Pune',NULL),(21,1,'k1','2018-04-17 17:33:52',10000.00,0,0,'2018-04-17 17:33:52','0','2018-04-17 07:06:39','2018-04-20 09:53:14','k-01','Dell Computer','2018-04-17 17:33:52','k-0001','For Testing','k-001','2018-04-17 12:03:52','Bangalore',NULL),(22,1,'k6','2018-04-17 17:33:52',10000.00,0,0,'2018-04-17 17:33:52','0','2018-04-17 07:06:39','2018-04-20 09:53:14','k-01','Dell Computer','2018-04-17 17:33:52','k-0001','For Testing','k-001','2018-04-17 12:03:52','Bangalore',NULL),(23,1,'k3','2018-04-17 17:33:52',10000.00,0,0,'2018-04-17 17:33:52','0','2018-04-17 07:06:39','2018-04-20 09:53:14','k-01','Dell Computer','2018-04-17 17:33:52','k-0001','For Testing','k-001','2018-04-17 12:03:52','Bangalore',NULL),(24,1,'k5','2018-04-17 17:33:52',10000.00,0,0,'2018-04-17 17:33:52','0','2018-04-17 07:06:39','2018-04-23 10:58:43','k-01','Dell Computer','2018-04-17 17:33:52','k-0001','For Testing','k-001','2018-04-17 12:03:52','Bangalore',NULL),(25,1,'k2','2018-04-17 17:33:52',10000.00,0,0,'2018-04-17 17:33:52','1','2018-04-17 07:06:39','2018-05-04 09:10:11','k-01','Dell Computer','2018-04-17 17:33:52','k-0001','For Testing ','k-001','2018-04-17 12:03:52','Bangalore',NULL),(26,1,'k4','2018-04-17 17:33:52',10000.00,0,0,'2018-04-17 17:33:52','1','2018-04-17 07:06:40','2018-05-04 09:10:11','k-01','Dell Computer','2018-04-17 17:33:52','k-0001','For Testing ','k-001','2018-04-17 12:03:52','Bangalore',NULL),(27,1,'k7','2018-04-17 17:33:52',10000.00,0,0,'2018-04-17 17:33:52','2','2018-04-17 07:06:41','2018-04-20 10:34:31','k-01','Dell Computer','2018-04-17 17:33:52','k-0001','For Testing It became bad','k-001','2018-04-17 12:03:52','Bangalore',NULL),(28,1,'k8','2018-04-17 17:33:52',10000.00,0,0,'2018-04-17 17:33:52','2','2018-04-17 07:06:41','2018-04-20 10:37:23','k-01','Dell Computer','2018-04-17 17:33:52','k-0001','For Testing It became bad','k-001','2018-04-17 12:03:52','Bangalore',NULL),(29,1,'k9','2018-04-17 17:33:52',10000.00,0,0,'2018-04-17 17:33:52','0','2018-04-17 07:06:42','2018-05-02 08:33:26','k-01','Dell Computer','2018-04-17 17:33:52','k-0001','For Testing','k-001','2018-04-17 12:03:52','Bangalore',NULL),(30,3,'r-test1','0000-00-00 00:00:00',0.00,0,0,'0000-00-00 00:00:00','0','2018-04-19 07:44:32','2018-05-04 05:26:58','','Zebra','0000-00-00 00:00:00','','Damaged','','0000-00-00 00:00:00','Pune',NULL),(31,3,'r-test2','0000-00-00 00:00:00',0.00,0,0,'0000-00-00 00:00:00','0','2018-04-19 07:49:49','2018-04-25 07:46:57','','Tiger','0000-00-00 00:00:00','','Hello','','0000-00-00 00:00:00','Bangalore',NULL),(32,3,'r-test3','0000-00-00 00:00:00',0.00,0,0,'0000-00-00 00:00:00','0','2018-04-20 08:03:58','2018-04-25 07:43:38','','Lion','0000-00-00 00:00:00','','GG','','0000-00-00 00:00:00','Pune',NULL),(33,1,'q1','2018-04-04 20:12:53',10000.00,0,0,'2018-04-25 20:12:53','0','2018-04-25 09:45:12','2018-04-25 10:22:59','q-01','AMD','2018-04-25 20:12:53','q-0001','Checking Transfer Order Date','q-001','2018-04-25 14:42:53','Pune','2018-05-04 20:12:53'),(34,1,'q6','2018-04-04 20:12:53',10000.00,0,0,'2018-04-25 20:12:53','1','2018-04-25 09:45:12','2018-04-27 06:08:13','q-01','AMD','2018-04-25 20:12:53','q-0001','Checking Transfer Order Date ','q-001','2018-04-25 14:42:53','Pune','2018-05-04 20:12:53'),(35,1,'q3','2018-04-04 20:12:53',10000.00,0,0,'2018-04-25 20:12:53','1','2018-04-25 09:45:12','2018-04-27 06:08:13','q-01','AMD','2018-04-25 20:12:53','q-0001','Checking Transfer Order Date ','q-001','2018-04-25 14:42:53','Pune','2018-05-04 20:12:53'),(36,1,'q2','2018-04-04 20:12:53',10000.00,0,0,'2018-04-25 20:12:53','1','2018-04-25 09:45:12','2018-04-25 09:45:12','q-01','AMD','2018-04-25 20:12:53','q-0001','Checking Transfer Order Date','q-001','2018-04-25 14:42:53','Pune','2018-05-04 20:12:53'),(37,1,'q4','2018-04-04 20:12:53',10000.00,0,0,'2018-04-25 20:12:53','1','2018-04-25 09:45:13','2018-04-25 09:45:13','q-01','AMD','2018-04-25 20:12:53','q-0001','Checking Transfer Order Date','q-001','2018-04-25 14:42:53','Pune','2018-05-04 20:12:53'),(38,1,'q5','2018-04-04 20:12:53',10000.00,0,0,'2018-04-25 20:12:53','1','2018-04-25 09:45:13','2018-04-25 09:45:13','q-01','AMD','2018-04-25 20:12:53','q-0001','Checking Transfer Order Date','q-001','2018-04-25 14:42:53','Pune','2018-05-04 20:12:53'),(39,1,'q8','2018-04-04 20:12:53',10000.00,0,0,'2018-04-25 20:12:53','1','2018-04-25 09:45:13','2018-04-25 09:45:13','q-01','AMD','2018-04-25 20:12:53','q-0001','Checking Transfer Order Date','q-001','2018-04-25 14:42:53','Pune','2018-05-04 20:12:53'),(40,1,'q7','2018-04-04 20:12:53',10000.00,0,0,'2018-04-25 20:12:53','1','2018-04-25 09:45:14','2018-04-25 09:45:14','q-01','AMD','2018-04-25 20:12:53','q-0001','Checking Transfer Order Date','q-001','2018-04-25 14:42:53','Pune','2018-05-04 20:12:53'),(41,1,'q10','2018-04-04 20:12:53',10000.00,0,0,'2018-04-25 20:12:53','2','2018-04-25 09:45:14','2018-05-04 09:10:11','q-01','AMD','2018-04-25 20:12:53','q-0001','Checking Transfer Order Date Bad Condition','q-001','2018-04-25 14:42:53','Pune','2018-05-04 20:12:53'),(42,1,'q9','2018-04-04 20:12:53',10000.00,0,0,'2018-04-25 20:12:53','1','2018-04-25 09:45:14','2018-05-01 20:03:59','q-01','AMD','2018-04-25 20:12:53','q-0001','Checking Transfer Order Date ','q-001','2018-04-25 14:42:53','Pune','2018-05-04 20:12:53'),(43,3,'tod-1','0000-00-00 00:00:00',0.00,0,0,'0000-00-00 00:00:00','0','2018-04-25 10:19:12','2018-04-27 07:20:05','','Zeb','0000-00-00 00:00:00','','Testing Transfer Order Date','','0000-00-00 00:00:00','Pune','0000-00-00 00:00:00'),(44,3,'bad','2018-05-01 22:24:16',0.00,0,0,'2018-05-01 22:24:16','1','2018-05-01 11:55:47','2018-05-03 11:22:24','','','2018-05-01 22:24:16','','','','2018-05-01 16:54:16','Select a branch','2018-05-01 22:24:16'),(45,3,'config-1','0000-00-00 00:00:00',0.00,0,0,'0000-00-00 00:00:00','0','2018-05-01 20:02:11','2018-05-01 20:05:30','','Zebron','0000-00-00 00:00:00','','Testing for config ','','0000-00-00 00:00:00','Pune','0000-00-00 00:00:00'),(46,1,'1234desk','0000-00-00 00:00:00',0.00,0,0,'0000-00-00 00:00:00','2','2018-05-03 12:39:41','2018-05-03 12:39:41','','b122','0000-00-00 00:00:00','','testing','','0000-00-00 00:00:00','Pune','0000-00-00 00:00:00'),(48,1,'rev_d5','0000-00-00 00:00:00',0.00,0,0,'0000-00-00 00:00:00','2','2018-05-03 12:44:48','2018-05-03 12:44:48','','12','0000-00-00 00:00:00','','hello remove','','0000-00-00 00:00:00','Pune','0000-00-00 00:00:00'),(49,1,'w1','0000-00-00 00:00:00',0.00,0,0,'0000-00-00 00:00:00','2','2018-05-03 12:57:59','2018-05-03 12:57:59','','dadad','0000-00-00 00:00:00','','','','0000-00-00 00:00:00','Pune','0000-00-00 00:00:00'),(50,3,'W2','0000-00-00 00:00:00',0.00,0,0,'0000-00-00 00:00:00','2','2018-05-03 15:28:34','2018-05-03 15:28:34','','Dell','0000-00-00 00:00:00','','','','0000-00-00 00:00:00','Pune','0000-00-00 00:00:00'),(51,5,'g12','2018-05-04 16:31:45',2500.00,0,0,'2018-05-04 16:31:45','1','2018-05-04 06:14:52','2018-05-04 06:14:52','pr1234','1234','2018-05-04 16:31:45','tr12345','dell speaker','inv124','2018-05-04 11:01:45','Pune','2018-05-08 16:31:45'),(52,3,'r-t1t','0000-00-00 00:00:00',0.00,0,0,'0000-00-00 00:00:00','1','2018-05-04 09:03:12','2018-05-04 09:03:12','','Zebrod','0000-00-00 00:00:00','','Hello Zebrod','','0000-00-00 00:00:00','Bangalore','0000-00-00 00:00:00'),(53,3,'rt2t','0000-00-00 00:00:00',0.00,0,0,'0000-00-00 00:00:00','1','2018-05-04 09:06:03','2018-05-04 09:06:03','','Zebrid','0000-00-00 00:00:00','','Hello Zebrod','','0000-00-00 00:00:00','Pune','0000-00-00 00:00:00');
/*!40000 ALTER TABLE `asset` ENABLE KEYS */;
UNLOCK TABLES;

--
-- Table structure for table `asset_backup`
--

DROP TABLE IF EXISTS `asset_backup`;
/*!40101 SET @saved_cs_client     = @@character_set_client */;
/*!40101 SET character_set_client = utf8 */;
CREATE TABLE `asset_backup` (
  `id` int(11) NOT NULL DEFAULT '0' COMMENT 'id (primary key) is the asset_code field\n',
  `asset_type_id` int(11) NOT NULL,
  `serial_no` varchar(100) DEFAULT NULL,
  `make` varchar(100) DEFAULT NULL,
  `make_date` timestamp NULL DEFAULT NULL,
  `MTM_no` int(1) NOT NULL DEFAULT '0',
  `purchase_date` timestamp NULL DEFAULT NULL,
  `purchase_price` decimal(10,2) DEFAULT NULL,
  `supplier_id` int(11) DEFAULT NULL,
  `warehouse_location_id` int(11) DEFAULT NULL,
  `branch_id` int(1) NOT NULL DEFAULT '0',
  `procurement_date` timestamp NULL DEFAULT NULL,
  `status` varchar(50) DEFAULT NULL,
  `part_code` varchar(50) DEFAULT NULL,
  `external_serial_number` varchar(50) DEFAULT NULL,
  `internal_serial_number` varchar(50) DEFAULT NULL,
  `inventory_source` varchar(25) DEFAULT NULL,
  `transfer_order_no` varchar(50) DEFAULT NULL,
  `create_timestamp` timestamp NOT NULL DEFAULT '0000-00-00 00:00:00',
  `update_timestamp` timestamp NOT NULL DEFAULT '0000-00-00 00:00:00'
) ENGINE=InnoDB DEFAULT CHARSET=utf8;
/*!40101 SET character_set_client = @saved_cs_client */;

--
-- Dumping data for table `asset_backup`
--

LOCK TABLES `asset_backup` WRITE;
/*!40000 ALTER TABLE `asset_backup` DISABLE KEYS */;
INSERT INTO `asset_backup` VALUES (1,1,'l4','Inspiron 3567','2018-03-16 23:59:31',0,'2018-03-16 23:59:31',10000.00,0,0,0,'2018-03-16 23:59:31','0','l-001','','','Warehouse','l-01','2018-03-16 13:31:35','2018-03-17 05:28:44'),(2,1,'l1','Inspiron 3567','2018-03-16 23:59:31',0,'2018-03-16 23:59:31',10000.00,0,0,0,'2018-03-16 23:59:31','0','l-001','','','Warehouse','l-01','2018-03-16 13:31:36','2018-03-17 05:28:44'),(3,1,'l2','Inspiron 3567','2018-03-16 23:59:31',0,'2018-03-16 23:59:31',10000.00,0,0,0,'2018-03-16 23:59:31','0','l-001','','','Warehouse','l-01','2018-03-16 13:31:36','2018-03-17 05:28:44'),(4,1,'l3','Inspiron 3567','2018-03-16 23:59:31',0,'2018-03-16 23:59:31',10000.00,0,0,0,'2018-03-16 23:59:31','0','l-001','','','Warehouse','l-01','2018-03-16 13:31:36','2018-03-17 05:28:44'),(5,1,'l5','Inspiron 3567','2018-03-16 23:59:31',0,'2018-03-16 23:59:31',10000.00,0,0,0,'2018-03-16 23:59:31','1','l-001','','','Warehouse','l-01','2018-03-16 13:31:36','2018-03-16 13:31:36'),(6,1,'l-laptop','L 999','2018-03-16 23:59:31',0,'2018-03-16 23:59:31',20000.00,0,0,0,'2018-03-16 23:59:31','1','l-001','','','','l-02','2018-03-16 13:32:59','2018-03-16 13:32:59'),(10,2,'D-ritaraj','AMD 121','2018-03-16 23:59:31',0,'2018-03-16 23:59:31',10000.00,0,0,0,'2018-03-16 23:59:31','1','l-003','','','Showroom','l-03','2018-03-16 13:36:23','2018-03-16 13:36:23'),(11,2,'D2','M 1210','2018-03-16 23:59:31',0,'2018-03-16 23:59:31',20000.00,0,0,0,'2018-03-16 23:59:31','0','l-004','','','Showroom','l-04','2018-03-16 13:39:16','2018-03-16 17:44:33'),(12,2,'D3','M 1210','2018-03-16 23:59:31',0,'2018-03-16 23:59:31',20000.00,0,0,0,'2018-03-16 23:59:31','0','l-004','','','Showroom','l-04','2018-03-16 13:39:16','2018-03-16 17:44:33'),(13,2,'D1','M 1210','2018-03-16 23:59:31',0,'2018-03-16 23:59:31',20000.00,0,0,0,'2018-03-16 23:59:31','0','l-004','','','Showroom','l-04','2018-03-16 13:39:16','2018-03-16 14:12:31'),(14,2,'D4','M 1210','2018-03-16 23:59:31',0,'2018-03-16 23:59:31',20000.00,0,0,0,'2018-03-16 23:59:31','0','l-004','','','Showroom','l-04','2018-03-16 13:39:16','2018-03-16 17:44:33'),(15,2,'D-Test','HD-111','2018-03-16 23:59:31',0,'2018-03-16 23:59:31',20000.00,0,0,0,'2018-03-16 23:59:31','0','l-005','','','','l-05','2018-03-16 13:40:27','2018-03-16 14:12:31'),(16,4,'R1','L-120','2018-03-15 23:59:31',0,'2018-03-16 23:59:31',2000.00,0,0,0,'2018-03-16 23:59:31','0','l-006','','','','l-06','2018-03-16 13:41:30','2018-03-16 14:12:31'),(17,3,'S3','S-la','2018-03-16 23:59:31',0,'2018-03-16 23:59:31',5000.00,0,0,0,'2018-03-16 23:59:31','1','l-007','','','Showroom','l-07','2018-03-16 13:42:40','2018-03-16 13:42:40'),(18,3,'S1','S-la','2018-03-16 23:59:31',0,'2018-03-16 23:59:31',5000.00,0,0,0,'2018-03-16 23:59:31','1','l-007','','','Showroom','l-07','2018-03-16 13:42:40','2018-03-16 13:42:40'),(19,3,'S2','S-la','2018-03-16 23:59:31',0,'2018-03-16 23:59:31',5000.00,0,0,0,'2018-03-16 23:59:31','1','l-007','','','Showroom','l-07','2018-03-16 13:42:40','2018-03-16 13:42:40'),(20,3,'S4','S-la','2018-03-16 23:59:31',0,'2018-03-16 23:59:31',5000.00,0,0,0,'2018-03-16 23:59:31','1','l-007','','','Showroom','l-07','2018-03-16 13:42:41','2018-03-16 13:42:41'),(21,4,'GRAM3','Gig-troner','2018-03-17 00:15:24',0,'2018-03-17 00:15:24',3000.00,0,0,0,'2018-03-17 00:15:24','0','G-01','','','Showroom','G-000','2018-03-16 13:46:36','2018-03-16 14:12:31'),(22,4,'GRAM1','Gig-troner','2018-03-17 00:15:24',0,'2018-03-17 00:15:24',3000.00,0,0,0,'2018-03-17 00:15:24','0','G-01','','','Showroom','G-000','2018-03-16 13:46:36','2018-03-16 14:12:31'),(23,4,'GRAM2','Gig-troner','2018-03-17 00:15:24',0,'2018-03-17 00:15:24',3000.00,0,0,0,'2018-03-17 00:15:24','0','G-01','','','Showroom','G-000','2018-03-16 13:46:36','2018-03-16 17:46:32'),(24,4,'Rem-R1','TRAM','0000-00-00 00:00:00',0,'0000-00-00 00:00:00',0.00,0,0,0,'0000-00-00 00:00:00','0','','','','','','2018-03-16 13:50:36','2018-03-16 14:12:31'),(25,4,'LREM-1','Gigatron','0000-00-00 00:00:00',0,'0000-00-00 00:00:00',0.00,0,0,0,'0000-00-00 00:00:00','0','','','','','','2018-03-16 13:53:35','2018-03-17 05:47:33'),(26,5,'HRem','Giga','0000-00-00 00:00:00',0,'0000-00-00 00:00:00',0.00,0,0,0,'0000-00-00 00:00:00','1','','','','','','2018-03-16 13:55:23','2018-03-16 13:55:23'),(27,4,'11','a','0000-00-00 00:00:00',0,'0000-00-00 00:00:00',0.00,0,0,0,'0000-00-00 00:00:00','0','','','','','','2018-03-16 18:25:21','2018-03-17 05:47:33'),(28,8,'p4','Dell PC','2018-03-17 16:09:04',0,'2018-03-17 16:09:04',10000.00,0,0,0,'2018-03-17 16:09:04','1','p-001','','','showroom','p-007','2018-03-17 05:41:02','2018-03-17 05:41:02'),(29,8,'p1','Dell PC','2018-03-17 16:09:04',0,'2018-03-17 16:09:04',10000.00,0,0,0,'2018-03-17 16:09:04','0','p-001','','','showroom','p-007','2018-03-17 05:41:02','2018-03-17 05:47:32'),(30,8,'p2','Dell PC','2018-03-17 16:09:04',0,'2018-03-17 16:09:04',10000.00,0,0,0,'2018-03-17 16:09:04','0','p-001','','','showroom','p-007','2018-03-17 05:41:02','2018-03-17 05:47:33'),(31,8,'p3','Dell PC','2018-03-17 16:09:04',0,'2018-03-17 16:09:04',10000.00,0,0,0,'2018-03-17 16:09:04','1','p-001','','','showroom','p-007','2018-03-17 05:41:02','2018-03-17 05:41:02'),(32,4,'ram-new','gigatron','0000-00-00 00:00:00',0,'0000-00-00 00:00:00',0.00,0,0,0,'0000-00-00 00:00:00','0','','','','','','2018-03-17 05:44:35','2018-03-17 05:47:33'),(33,9,'g1','p','2018-03-17 16:42:45',0,'2018-03-17 16:42:45',0.00,0,0,0,'2018-03-17 16:42:45','1','p','','','p','p','2018-03-17 06:14:10','2018-03-17 06:14:10'),(34,11,'m2','memnad 101','2018-03-19 15:58:56',0,'2018-03-19 15:58:56',1000.00,0,0,0,'2018-03-19 15:58:56','1','m-111','','','','m-01','2018-03-19 05:29:59','2018-03-19 05:29:59'),(35,11,'m3','memnad 101','2018-03-19 15:58:56',0,'2018-03-19 15:58:56',1000.00,0,0,0,'2018-03-19 15:58:56','1','m-111','','','','m-01','2018-03-19 05:29:59','2018-03-19 05:29:59'),(36,11,'m1','memnad 101','2018-03-19 15:58:56',0,'2018-03-19 15:58:56',1000.00,0,0,0,'2018-03-19 15:58:56','1','m-111','','','','m-01','2018-03-19 05:30:00','2018-03-19 05:30:00'),(37,4,'r-avi','r-ram','0000-00-00 00:00:00',0,'0000-00-00 00:00:00',0.00,0,0,0,'0000-00-00 00:00:00','1','','','','','','2018-03-19 05:37:43','2018-03-19 05:37:43');
/*!40000 ALTER TABLE `asset_backup` ENABLE KEYS */;
UNLOCK TABLES;

--
-- Table structure for table `asset_config`
--

DROP TABLE IF EXISTS `asset_config`;
/*!40101 SET @saved_cs_client     = @@character_set_client */;
/*!40101 SET character_set_client = utf8 */;
CREATE TABLE `asset_config` (
  `id` int(11) NOT NULL AUTO_INCREMENT,
  `asset_id` int(11) NOT NULL,
  `child_asset_id` int(11) DEFAULT NULL,
  `create_timestamp` timestamp NOT NULL DEFAULT '0000-00-00 00:00:00',
  `update_timestamp` timestamp NOT NULL DEFAULT CURRENT_TIMESTAMP ON UPDATE CURRENT_TIMESTAMP,
  `parent_asset_id` int(11) DEFAULT NULL,
  `status` int(11) NOT NULL,
  PRIMARY KEY (`id`),
  KEY `child_asset_id1_idx` (`child_asset_id`)
) ENGINE=InnoDB AUTO_INCREMENT=39 DEFAULT CHARSET=utf8;
/*!40101 SET character_set_client = @saved_cs_client */;

--
-- Dumping data for table `asset_config`
--

LOCK TABLES `asset_config` WRITE;
/*!40000 ALTER TABLE `asset_config` DISABLE KEYS */;
INSERT INTO `asset_config` VALUES (1,30,NULL,'2018-04-19 07:44:34','2018-04-19 07:44:34',4,0),(2,13,1,'2018-04-19 07:48:08','2018-05-02 11:11:14',NULL,0),(3,14,2,'2018-04-19 07:48:08','2018-04-19 07:48:08',NULL,1),(4,31,NULL,'2018-04-19 07:49:51','2018-04-19 07:49:51',6,0),(5,31,1,'2018-04-19 07:51:59','2018-04-20 08:01:57',NULL,0),(6,16,5,'2018-04-19 07:55:23','2018-04-19 07:55:23',NULL,1),(7,17,5,'2018-04-19 07:55:23','2018-04-19 07:55:23',NULL,1),(8,18,6,'2018-04-19 07:55:23','2018-04-19 07:55:23',NULL,1),(9,32,NULL,'2018-04-20 08:04:00','2018-04-20 08:04:00',5,0),(10,32,4,'2018-04-20 08:04:31','2018-04-20 08:05:02',NULL,0),(13,19,21,'2018-04-20 09:56:06','2018-04-20 09:56:06',NULL,1),(14,17,26,'2018-04-25 08:09:28','2018-04-25 08:09:28',NULL,1),(15,43,NULL,'2018-04-25 10:19:13','2018-04-25 10:19:13',33,0),(16,43,33,'2018-04-25 15:48:45','2018-04-25 15:48:45',NULL,1),(17,20,34,'2018-04-27 06:07:25','2018-04-27 06:08:39',NULL,0),(18,43,26,'2018-04-27 07:21:14','2018-04-27 07:22:39',NULL,0),(19,45,NULL,'2018-05-01 20:02:13','2018-05-01 20:02:13',21,0),(20,45,42,'2018-05-01 20:03:31','2018-05-01 20:04:11',NULL,0),(21,45,41,'2018-05-01 20:05:29','2018-05-01 20:05:29',NULL,1),(22,2,0,'2018-05-02 08:26:17','2018-05-02 08:26:17',NULL,1),(23,2,0,'2018-05-02 08:26:19','2018-05-02 08:26:19',NULL,1),(24,2,0,'2018-05-02 08:26:20','2018-05-02 08:26:20',NULL,1),(25,9,0,'2018-05-03 08:23:01','2018-05-03 08:23:01',NULL,1),(26,9,0,'2018-05-03 08:23:10','2018-05-03 08:23:10',NULL,1),(27,9,0,'2018-05-03 08:23:21','2018-05-03 08:23:21',NULL,1),(28,1,44,'2018-05-03 11:20:24','2018-05-03 11:20:24',NULL,1),(29,30,44,'2018-05-03 11:20:24','2018-05-03 11:20:24',NULL,1),(30,1,44,'2018-05-03 11:32:07','2018-05-03 11:32:07',NULL,1),(31,30,44,'2018-05-03 11:32:07','2018-05-03 11:32:07',NULL,1),(32,1,0,'2018-05-03 12:13:51','2018-05-03 12:13:51',NULL,1),(33,46,NULL,'2018-05-03 12:39:42','2018-05-03 12:39:42',1,0),(34,48,NULL,'2018-05-03 12:44:49','2018-05-03 12:44:49',3,0),(35,49,NULL,'2018-05-03 12:58:00','2018-05-03 12:58:00',2,0),(36,50,NULL,'2018-05-03 15:28:35','2018-05-03 15:28:35',5,0),(37,52,NULL,'2018-05-04 09:03:14','2018-05-04 09:03:14',7,0),(38,53,NULL,'2018-05-04 09:06:04','2018-05-04 09:06:04',8,0);
/*!40000 ALTER TABLE `asset_config` ENABLE KEYS */;
UNLOCK TABLES;

--
-- Table structure for table `asset_details`
--

DROP TABLE IF EXISTS `asset_details`;
/*!40101 SET @saved_cs_client     = @@character_set_client */;
/*!40101 SET character_set_client = utf8 */;
CREATE TABLE `asset_details` (
  `id` int(11) NOT NULL AUTO_INCREMENT,
  `asset_id` int(11) NOT NULL,
  `attribute_id` int(11) NOT NULL,
  `attribute_value` varchar(500) DEFAULT NULL,
  `create_timestamp` timestamp NOT NULL DEFAULT '0000-00-00 00:00:00',
  `update_timestamp` timestamp NOT NULL DEFAULT CURRENT_TIMESTAMP ON UPDATE CURRENT_TIMESTAMP,
  PRIMARY KEY (`id`),
  KEY `asset_id1_idx` (`asset_id`),
  KEY `attribute_id1_idx` (`attribute_id`),
  CONSTRAINT `asset_id1` FOREIGN KEY (`asset_id`) REFERENCES `asset` (`id`) ON DELETE NO ACTION ON UPDATE NO ACTION,
  CONSTRAINT `attribute_id1` FOREIGN KEY (`attribute_id`) REFERENCES `asset_types_attributes` (`id`) ON DELETE NO ACTION ON UPDATE NO ACTION
) ENGINE=InnoDB AUTO_INCREMENT=465 DEFAULT CHARSET=utf8;
/*!40101 SET character_set_client = @saved_cs_client */;

--
-- Dumping data for table `asset_details`
--

LOCK TABLES `asset_details` WRITE;
/*!40000 ALTER TABLE `asset_details` DISABLE KEYS */;
INSERT INTO `asset_details` VALUES (1,1,1,'1 TB removed','2018-04-09 09:40:32','2018-05-03 12:39:40'),(2,1,2,'4 GB removed','2018-04-09 09:40:32','2018-04-10 06:30:45'),(3,1,3,'4 GB removed','2018-04-09 09:40:32','2018-04-10 06:33:04'),(4,1,4,'GigaByte','2018-04-09 09:40:32','2018-04-09 09:40:32'),(5,1,5,'Delltron','2018-04-09 09:40:32','2018-04-09 09:40:32'),(6,2,1,'1 TB removed','2018-04-09 09:40:33','2018-05-03 12:57:58'),(7,2,2,'4 GB removed','2018-04-09 09:40:33','2018-04-10 07:27:31'),(8,2,3,'4 GB removed','2018-04-09 09:40:33','2018-04-10 07:25:11'),(9,2,4,'GigaByte','2018-04-09 09:40:33','2018-04-09 09:40:33'),(10,2,5,'Delltron','2018-04-09 09:40:33','2018-04-09 09:40:33'),(11,3,1,'1 TB removed','2018-04-09 09:40:33','2018-05-03 12:44:47'),(12,3,2,'4 GB removed','2018-04-09 09:40:33','2018-04-11 10:23:01'),(13,3,3,'4 GB removed','2018-04-09 09:40:33','2018-04-16 10:16:56'),(14,3,4,'GigaByte','2018-04-09 09:40:33','2018-04-09 09:40:33'),(15,3,5,'Delltron','2018-04-09 09:40:33','2018-04-09 09:40:33'),(16,4,1,'1 TB','2018-04-09 09:40:33','2018-04-09 09:40:33'),(17,4,2,'4 GB removed','2018-04-09 09:40:33','2018-04-17 06:57:50'),(18,4,3,'4 GB removed','2018-04-09 09:40:33','2018-04-19 07:44:32'),(19,4,4,'GigaByte','2018-04-09 09:40:33','2018-04-09 09:40:33'),(20,4,5,'Delltron','2018-04-09 09:40:33','2018-04-09 09:40:33'),(21,5,1,'1 TB','2018-04-09 09:40:33','2018-04-09 09:40:33'),(22,5,2,'4 GB removed','2018-04-09 09:40:33','2018-04-20 08:03:58'),(23,5,3,'4 GB removed','2018-04-09 09:40:33','2018-05-03 15:28:34'),(24,5,4,'GigaByte','2018-04-09 09:40:33','2018-04-09 09:40:33'),(25,5,5,'Delltron','2018-04-09 09:40:33','2018-04-09 09:40:33'),(26,1,6,'','0000-00-00 00:00:00','2018-04-09 09:41:16'),(27,2,6,'','0000-00-00 00:00:00','2018-04-09 09:41:16'),(28,3,6,'','0000-00-00 00:00:00','2018-04-09 09:41:16'),(29,4,6,'','0000-00-00 00:00:00','2018-04-09 09:41:16'),(30,5,6,'','0000-00-00 00:00:00','2018-04-09 09:41:16'),(31,6,1,'1 TB','2018-04-09 09:43:04','2018-04-09 09:43:04'),(32,6,2,'8 GB removed','2018-04-09 09:43:04','2018-04-19 07:49:49'),(33,6,3,'','2018-04-09 09:43:04','2018-04-09 09:43:04'),(34,6,4,'Gigabyte','2018-04-09 09:43:04','2018-04-09 09:43:04'),(35,6,5,'AMD','2018-04-09 09:43:04','2018-04-09 09:43:04'),(36,6,6,'400 Watts','2018-04-09 09:43:04','2018-04-09 09:43:04'),(37,7,1,'1 TB','2018-04-09 09:43:04','2018-04-09 09:43:04'),(38,7,2,'8 GB removed','2018-04-09 09:43:04','2018-05-04 09:03:12'),(39,7,3,'','2018-04-09 09:43:04','2018-04-09 09:43:04'),(40,7,4,'Gigabyte','2018-04-09 09:43:04','2018-04-09 09:43:04'),(41,7,5,'AMD','2018-04-09 09:43:04','2018-04-09 09:43:04'),(42,7,6,'400 Watts','2018-04-09 09:43:04','2018-04-09 09:43:04'),(43,8,1,'1 TB','2018-04-09 09:43:04','2018-04-09 09:43:04'),(44,8,2,'8 GB removed','2018-04-09 09:43:04','2018-05-04 09:06:03'),(45,8,3,'','2018-04-09 09:43:04','2018-04-09 09:43:04'),(46,8,4,'Gigabyte','2018-04-09 09:43:04','2018-04-09 09:43:04'),(47,8,5,'AMD','2018-04-09 09:43:04','2018-04-09 09:43:04'),(48,8,6,'400 Watts','2018-04-09 09:43:04','2018-04-09 09:43:04'),(49,1,7,'','0000-00-00 00:00:00','2018-04-09 09:44:25'),(50,2,7,'','0000-00-00 00:00:00','2018-04-09 09:44:25'),(51,3,7,'','0000-00-00 00:00:00','2018-04-09 09:44:25'),(52,4,7,'','0000-00-00 00:00:00','2018-04-09 09:44:25'),(53,5,7,'','0000-00-00 00:00:00','2018-04-09 09:44:25'),(54,6,7,'','0000-00-00 00:00:00','2018-04-09 09:44:25'),(55,7,7,'','0000-00-00 00:00:00','2018-04-09 09:44:25'),(56,8,7,'','0000-00-00 00:00:00','2018-04-09 09:44:25'),(57,1,8,'','0000-00-00 00:00:00','2018-04-09 09:44:25'),(58,2,8,'','0000-00-00 00:00:00','2018-04-09 09:44:25'),(59,3,8,'','0000-00-00 00:00:00','2018-04-09 09:44:25'),(60,4,8,'','0000-00-00 00:00:00','2018-04-09 09:44:25'),(61,5,8,'','0000-00-00 00:00:00','2018-04-09 09:44:25'),(62,6,8,'','0000-00-00 00:00:00','2018-04-09 09:44:25'),(63,7,8,'','0000-00-00 00:00:00','2018-04-09 09:44:25'),(64,8,8,'','0000-00-00 00:00:00','2018-04-09 09:44:25'),(65,9,1,'500 GB','2018-04-09 09:46:26','2018-04-09 09:46:26'),(66,9,2,'4 GB','2018-04-09 09:46:26','2018-04-09 09:46:26'),(67,9,3,'4 GB','2018-04-09 09:46:26','2018-04-09 09:46:26'),(68,9,4,'Dellboard','2018-04-09 09:46:26','2018-04-09 09:46:26'),(69,9,5,'AMD Processor','2018-04-09 09:46:26','2018-04-09 09:46:26'),(70,9,6,'300 Watts','2018-04-09 09:46:26','2018-04-09 09:46:26'),(71,9,7,'Audiomix','2018-04-09 09:46:26','2018-04-09 09:46:26'),(72,9,8,'ATI','2018-04-09 09:46:26','2018-04-09 09:46:26'),(73,10,1,'500 GB','2018-04-09 09:46:26','2018-04-09 09:46:26'),(74,10,2,'4 GB','2018-04-09 09:46:26','2018-04-09 09:46:26'),(75,10,3,'4 GB','2018-04-09 09:46:26','2018-04-09 09:46:26'),(76,10,4,'Dellboard','2018-04-09 09:46:26','2018-04-09 09:46:26'),(77,10,5,'AMD Processor','2018-04-09 09:46:26','2018-04-09 09:46:26'),(78,10,6,'300 Watts','2018-04-09 09:46:26','2018-04-09 09:46:26'),(79,10,7,'Audiomix','2018-04-09 09:46:26','2018-04-09 09:46:26'),(80,10,8,'ATI','2018-04-09 09:46:26','2018-04-09 09:46:26'),(87,13,12,'black','2018-04-10 06:13:50','2018-04-10 06:13:50'),(88,13,13,'10','2018-04-10 06:13:50','2018-04-10 06:13:50'),(89,13,14,'20','2018-04-10 06:13:50','2018-04-10 06:13:50'),(90,14,12,'blue','2018-04-10 06:30:46','2018-04-10 06:30:46'),(91,14,13,'500','2018-04-10 06:30:46','2018-04-10 06:30:46'),(92,14,14,'1000','2018-04-10 06:30:46','2018-04-10 06:30:46'),(93,13,15,'','0000-00-00 00:00:00','2018-04-10 06:32:00'),(94,14,15,'','0000-00-00 00:00:00','2018-04-10 06:32:00'),(95,15,12,'black','2018-04-10 06:33:04','2018-04-10 06:33:04'),(96,15,13,'1','2018-04-10 06:33:04','2018-04-10 06:33:04'),(97,15,14,'2','2018-04-10 06:33:04','2018-04-10 06:33:04'),(98,15,15,'3','2018-04-10 06:33:04','2018-04-10 06:33:04'),(99,16,12,'green','2018-04-10 07:25:11','2018-04-10 07:25:11'),(100,16,13,'10','2018-04-10 07:25:11','2018-04-10 07:25:11'),(101,16,14,'20','2018-04-10 07:25:11','2018-04-10 07:25:11'),(102,16,15,'30 kgs','2018-04-10 07:25:11','2018-04-10 07:25:11'),(103,17,12,'green','2018-04-10 07:27:31','2018-04-10 07:27:31'),(104,17,13,'10','2018-04-10 07:27:31','2018-04-10 07:27:31'),(105,17,14,'20','2018-04-10 07:27:31','2018-04-10 07:27:31'),(106,17,15,'30','2018-04-10 07:27:31','2018-04-10 07:27:31'),(107,18,12,'blue','2018-04-11 10:23:02','2018-04-11 10:23:02'),(108,18,13,'12','2018-04-11 10:23:02','2018-04-11 10:23:02'),(109,18,14,'24','2018-04-11 10:23:02','2018-04-11 10:23:02'),(110,18,15,'36','2018-04-11 10:23:02','2018-04-11 10:23:02'),(111,19,12,'Silver','2018-04-16 10:16:56','2018-04-16 10:16:56'),(112,19,13,'12','2018-04-16 10:16:56','2018-04-16 10:16:56'),(113,19,14,'34','2018-04-16 10:16:56','2018-04-16 10:16:56'),(114,19,15,'87','2018-04-16 10:16:56','2018-04-16 10:16:56'),(115,13,16,'','0000-00-00 00:00:00','2018-04-17 06:08:30'),(116,14,16,'','0000-00-00 00:00:00','2018-04-17 06:08:30'),(117,15,16,'','0000-00-00 00:00:00','2018-04-17 06:08:30'),(118,16,16,'','0000-00-00 00:00:00','2018-04-17 06:08:30'),(119,17,16,'','0000-00-00 00:00:00','2018-04-17 06:08:30'),(120,18,16,'','0000-00-00 00:00:00','2018-04-17 06:08:30'),(121,19,16,'','0000-00-00 00:00:00','2018-04-17 06:08:30'),(122,1,17,'','0000-00-00 00:00:00','2018-04-17 06:39:59'),(123,2,17,'','0000-00-00 00:00:00','2018-04-17 06:39:59'),(124,3,17,'','0000-00-00 00:00:00','2018-04-17 06:39:59'),(125,4,17,'','0000-00-00 00:00:00','2018-04-17 06:39:59'),(126,5,17,'','0000-00-00 00:00:00','2018-04-17 06:39:59'),(127,6,17,'','0000-00-00 00:00:00','2018-04-17 06:39:59'),(128,7,17,'','0000-00-00 00:00:00','2018-04-17 06:39:59'),(129,8,17,'','0000-00-00 00:00:00','2018-04-17 06:39:59'),(130,9,17,'','0000-00-00 00:00:00','2018-04-17 06:39:59'),(131,10,17,'','0000-00-00 00:00:00','2018-04-17 06:39:59'),(132,20,12,'10','2018-04-17 06:57:50','2018-04-17 06:57:50'),(133,20,13,'20','2018-04-17 06:57:50','2018-04-17 06:57:50'),(134,20,14,'30','2018-04-17 06:57:50','2018-04-17 06:57:50'),(135,20,15,'40','2018-04-17 06:57:50','2018-04-17 06:57:50'),(136,20,16,'','2018-04-17 06:57:50','2018-04-17 06:57:50'),(137,21,1,'10','2018-04-17 07:06:40','2018-04-17 07:06:40'),(138,21,2,'20 removed','2018-04-17 07:06:40','2018-05-01 20:02:11'),(139,21,3,'30','2018-04-17 07:06:40','2018-04-17 07:06:40'),(140,21,4,'40','2018-04-17 07:06:40','2018-04-17 07:06:40'),(141,21,5,'50','2018-04-17 07:06:40','2018-04-17 07:06:40'),(142,21,6,'60','2018-04-17 07:06:40','2018-04-17 07:06:40'),(143,21,7,'70','2018-04-17 07:06:40','2018-04-17 07:06:40'),(144,21,8,'80','2018-04-17 07:06:40','2018-04-17 07:06:40'),(145,21,17,'90','2018-04-17 07:06:40','2018-04-17 07:06:40'),(146,22,1,'10','2018-04-17 07:06:40','2018-04-17 07:06:40'),(147,22,2,'20','2018-04-17 07:06:40','2018-04-17 07:06:40'),(148,22,3,'30','2018-04-17 07:06:40','2018-04-17 07:06:40'),(149,22,4,'40','2018-04-17 07:06:40','2018-04-17 07:06:40'),(150,22,5,'50','2018-04-17 07:06:40','2018-04-17 07:06:40'),(151,22,6,'60','2018-04-17 07:06:40','2018-04-17 07:06:40'),(152,22,7,'70','2018-04-17 07:06:40','2018-04-17 07:06:40'),(153,22,8,'80','2018-04-17 07:06:40','2018-04-17 07:06:40'),(154,22,17,'90','2018-04-17 07:06:40','2018-04-17 07:06:40'),(155,23,1,'10','2018-04-17 07:06:40','2018-04-17 07:06:40'),(156,23,2,'20','2018-04-17 07:06:40','2018-04-17 07:06:40'),(157,23,3,'30','2018-04-17 07:06:40','2018-04-17 07:06:40'),(158,23,4,'40','2018-04-17 07:06:40','2018-04-17 07:06:40'),(159,23,5,'50','2018-04-17 07:06:40','2018-04-17 07:06:40'),(160,23,6,'60','2018-04-17 07:06:40','2018-04-17 07:06:40'),(161,23,7,'70','2018-04-17 07:06:40','2018-04-17 07:06:40'),(162,23,8,'80','2018-04-17 07:06:40','2018-04-17 07:06:40'),(163,23,17,'90','2018-04-17 07:06:41','2018-04-17 07:06:41'),(164,24,1,'10','2018-04-17 07:06:41','2018-04-17 07:06:41'),(165,24,2,'20','2018-04-17 07:06:41','2018-04-17 07:06:41'),(166,24,3,'30','2018-04-17 07:06:41','2018-04-17 07:06:41'),(167,24,4,'40','2018-04-17 07:06:41','2018-04-17 07:06:41'),(168,24,5,'50','2018-04-17 07:06:41','2018-04-17 07:06:41'),(169,24,6,'60','2018-04-17 07:06:41','2018-04-17 07:06:41'),(170,24,7,'70','2018-04-17 07:06:41','2018-04-17 07:06:41'),(171,24,8,'80','2018-04-17 07:06:41','2018-04-17 07:06:41'),(172,24,17,'90','2018-04-17 07:06:41','2018-04-17 07:06:41'),(173,25,1,'10','2018-04-17 07:06:41','2018-04-17 07:06:41'),(174,25,2,'20','2018-04-17 07:06:41','2018-04-17 07:06:41'),(175,25,3,'30','2018-04-17 07:06:41','2018-04-17 07:06:41'),(176,25,4,'40','2018-04-17 07:06:41','2018-04-17 07:06:41'),(177,25,5,'50','2018-04-17 07:06:41','2018-04-17 07:06:41'),(178,25,6,'60','2018-04-17 07:06:41','2018-04-17 07:06:41'),(179,25,7,'70','2018-04-17 07:06:41','2018-04-17 07:06:41'),(180,25,8,'80','2018-04-17 07:06:41','2018-04-17 07:06:41'),(181,25,17,'90','2018-04-17 07:06:41','2018-04-17 07:06:41'),(182,26,1,'10','2018-04-17 07:06:41','2018-04-17 07:06:41'),(183,26,2,'20','2018-04-17 07:06:41','2018-04-17 07:06:41'),(184,26,3,'30','2018-04-17 07:06:41','2018-04-17 07:06:41'),(185,26,4,'40','2018-04-17 07:06:41','2018-04-17 07:06:41'),(186,26,5,'50','2018-04-17 07:06:41','2018-04-17 07:06:41'),(187,26,6,'60','2018-04-17 07:06:41','2018-04-17 07:06:41'),(188,26,7,'70','2018-04-17 07:06:41','2018-04-17 07:06:41'),(189,26,8,'80','2018-04-17 07:06:41','2018-04-17 07:06:41'),(190,26,17,'90','2018-04-17 07:06:41','2018-04-17 07:06:41'),(191,27,1,'10','2018-04-17 07:06:42','2018-04-17 07:06:42'),(192,27,2,'20','2018-04-17 07:06:42','2018-04-17 07:06:42'),(193,27,3,'30','2018-04-17 07:06:42','2018-04-17 07:06:42'),(194,27,4,'40','2018-04-17 07:06:42','2018-04-17 07:06:42'),(195,27,5,'50','2018-04-17 07:06:42','2018-04-17 07:06:42'),(196,27,6,'60','2018-04-17 07:06:42','2018-04-17 07:06:42'),(197,27,7,'70','2018-04-17 07:06:42','2018-04-17 07:06:42'),(198,27,8,'80','2018-04-17 07:06:42','2018-04-17 07:06:42'),(199,27,17,'90','2018-04-17 07:06:42','2018-04-17 07:06:42'),(200,28,1,'10','2018-04-17 07:06:42','2018-04-17 07:06:42'),(201,28,2,'20','2018-04-17 07:06:42','2018-04-17 07:06:42'),(202,28,3,'30','2018-04-17 07:06:42','2018-04-17 07:06:42'),(203,28,4,'40','2018-04-17 07:06:42','2018-04-17 07:06:42'),(204,28,5,'50','2018-04-17 07:06:42','2018-04-17 07:06:42'),(205,28,6,'60','2018-04-17 07:06:42','2018-04-17 07:06:42'),(206,28,7,'70','2018-04-17 07:06:42','2018-04-17 07:06:42'),(207,28,8,'80','2018-04-17 07:06:42','2018-04-17 07:06:42'),(208,28,17,'90','2018-04-17 07:06:42','2018-04-17 07:06:42'),(209,29,1,'10','2018-04-17 07:06:42','2018-04-17 07:06:42'),(210,29,2,'20','2018-04-17 07:06:42','2018-04-17 07:06:42'),(211,29,3,'30','2018-04-17 07:06:42','2018-04-17 07:06:42'),(212,29,4,'40','2018-04-17 07:06:42','2018-04-17 07:06:42'),(213,29,5,'50','2018-04-17 07:06:42','2018-04-17 07:06:42'),(214,29,6,'60','2018-04-17 07:06:42','2018-04-17 07:06:42'),(215,29,7,'70','2018-04-17 07:06:42','2018-04-17 07:06:42'),(216,29,8,'80','2018-04-17 07:06:42','2018-04-17 07:06:42'),(217,29,17,'90','2018-04-17 07:06:42','2018-04-17 07:06:42'),(218,30,12,'3','2018-04-19 07:44:32','2018-04-19 07:44:32'),(219,30,13,'4','2018-04-19 07:44:32','2018-04-19 07:44:32'),(220,30,14,'5','2018-04-19 07:44:32','2018-04-19 07:44:32'),(221,30,15,'6','2018-04-19 07:44:32','2018-04-19 07:44:32'),(222,30,16,'7','2018-04-19 07:44:32','2018-04-19 07:44:32'),(223,31,12,'10','2018-04-19 07:49:49','2018-04-19 07:49:49'),(224,31,13,'20','2018-04-19 07:49:50','2018-04-19 07:49:50'),(225,31,14,'30','2018-04-19 07:49:50','2018-04-19 07:49:50'),(226,31,15,'40','2018-04-19 07:49:50','2018-04-19 07:49:50'),(227,31,16,'50','2018-04-19 07:49:50','2018-04-19 07:49:50'),(228,32,12,'10','2018-04-20 08:03:58','2018-04-20 08:03:58'),(229,32,13,'20','2018-04-20 08:03:58','2018-04-20 08:03:58'),(230,32,14,'30','2018-04-20 08:03:58','2018-04-20 08:03:58'),(231,32,15,'40','2018-04-20 08:03:58','2018-04-20 08:03:58'),(232,32,16,'50','2018-04-20 08:03:58','2018-04-20 08:03:58'),(233,33,1,'1 TB','2018-04-25 09:45:12','2018-04-25 09:45:12'),(234,33,2,'4 GB removed','2018-04-25 09:45:12','2018-04-25 10:19:12'),(235,33,3,'8 GB','2018-04-25 09:45:12','2018-04-25 09:45:12'),(236,33,4,'Gigabyte','2018-04-25 09:45:12','2018-04-25 09:45:12'),(237,33,5,'AMD','2018-04-25 09:45:12','2018-04-25 09:45:12'),(238,33,6,'50 Watts','2018-04-25 09:45:12','2018-04-25 09:45:12'),(239,33,7,'Audiomix','2018-04-25 09:45:12','2018-04-25 09:45:12'),(240,33,8,'Radeon','2018-04-25 09:45:12','2018-04-25 09:45:12'),(241,33,17,'20 GG','2018-04-25 09:45:12','2018-04-25 09:45:12'),(242,34,1,'1 TB','2018-04-25 09:45:12','2018-04-25 09:45:12'),(243,34,2,'4 GB','2018-04-25 09:45:12','2018-04-25 09:45:12'),(244,34,3,'8 GB','2018-04-25 09:45:12','2018-04-25 09:45:12'),(245,34,4,'Gigabyte','2018-04-25 09:45:12','2018-04-25 09:45:12'),(246,34,5,'AMD','2018-04-25 09:45:12','2018-04-25 09:45:12'),(247,34,6,'50 Watts','2018-04-25 09:45:12','2018-04-25 09:45:12'),(248,34,7,'Audiomix','2018-04-25 09:45:12','2018-04-25 09:45:12'),(249,34,8,'Radeon','2018-04-25 09:45:12','2018-04-25 09:45:12'),(250,34,17,'20 GG','2018-04-25 09:45:12','2018-04-25 09:45:12'),(251,35,1,'1 TB','2018-04-25 09:45:13','2018-04-25 09:45:13'),(252,35,2,'4 GB','2018-04-25 09:45:13','2018-04-25 09:45:13'),(253,35,3,'8 GB','2018-04-25 09:45:13','2018-04-25 09:45:13'),(254,35,4,'Gigabyte','2018-04-25 09:45:13','2018-04-25 09:45:13'),(255,35,5,'AMD','2018-04-25 09:45:13','2018-04-25 09:45:13'),(256,35,6,'50 Watts','2018-04-25 09:45:13','2018-04-25 09:45:13'),(257,35,7,'Audiomix','2018-04-25 09:45:13','2018-04-25 09:45:13'),(258,35,8,'Radeon','2018-04-25 09:45:13','2018-04-25 09:45:13'),(259,35,17,'20 GG','2018-04-25 09:45:13','2018-04-25 09:45:13'),(260,36,1,'1 TB','2018-04-25 09:45:13','2018-04-25 09:45:13'),(261,36,2,'4 GB','2018-04-25 09:45:13','2018-04-25 09:45:13'),(262,36,3,'8 GB','2018-04-25 09:45:13','2018-04-25 09:45:13'),(263,36,4,'Gigabyte','2018-04-25 09:45:13','2018-04-25 09:45:13'),(264,36,5,'AMD','2018-04-25 09:45:13','2018-04-25 09:45:13'),(265,36,6,'50 Watts','2018-04-25 09:45:13','2018-04-25 09:45:13'),(266,36,7,'Audiomix','2018-04-25 09:45:13','2018-04-25 09:45:13'),(267,36,8,'Radeon','2018-04-25 09:45:13','2018-04-25 09:45:13'),(268,36,17,'20 GG','2018-04-25 09:45:13','2018-04-25 09:45:13'),(269,37,1,'1 TB','2018-04-25 09:45:13','2018-04-25 09:45:13'),(270,37,2,'4 GB','2018-04-25 09:45:13','2018-04-25 09:45:13'),(271,37,3,'8 GB','2018-04-25 09:45:13','2018-04-25 09:45:13'),(272,37,4,'Gigabyte','2018-04-25 09:45:13','2018-04-25 09:45:13'),(273,37,5,'AMD','2018-04-25 09:45:13','2018-04-25 09:45:13'),(274,37,6,'50 Watts','2018-04-25 09:45:13','2018-04-25 09:45:13'),(275,37,7,'Audiomix','2018-04-25 09:45:13','2018-04-25 09:45:13'),(276,37,8,'Radeon','2018-04-25 09:45:13','2018-04-25 09:45:13'),(277,37,17,'20 GG','2018-04-25 09:45:13','2018-04-25 09:45:13'),(278,38,1,'1 TB','2018-04-25 09:45:13','2018-04-25 09:45:13'),(279,38,2,'4 GB','2018-04-25 09:45:13','2018-04-25 09:45:13'),(280,38,3,'8 GB','2018-04-25 09:45:13','2018-04-25 09:45:13'),(281,38,4,'Gigabyte','2018-04-25 09:45:13','2018-04-25 09:45:13'),(282,38,5,'AMD','2018-04-25 09:45:13','2018-04-25 09:45:13'),(283,38,6,'50 Watts','2018-04-25 09:45:13','2018-04-25 09:45:13'),(284,38,7,'Audiomix','2018-04-25 09:45:13','2018-04-25 09:45:13'),(285,38,8,'Radeon','2018-04-25 09:45:13','2018-04-25 09:45:13'),(286,38,17,'20 GG','2018-04-25 09:45:13','2018-04-25 09:45:13'),(287,39,1,'1 TB','2018-04-25 09:45:14','2018-04-25 09:45:14'),(288,39,2,'4 GB','2018-04-25 09:45:14','2018-04-25 09:45:14'),(289,39,3,'8 GB','2018-04-25 09:45:14','2018-04-25 09:45:14'),(290,39,4,'Gigabyte','2018-04-25 09:45:14','2018-04-25 09:45:14'),(291,39,5,'AMD','2018-04-25 09:45:14','2018-04-25 09:45:14'),(292,39,6,'50 Watts','2018-04-25 09:45:14','2018-04-25 09:45:14'),(293,39,7,'Audiomix','2018-04-25 09:45:14','2018-04-25 09:45:14'),(294,39,8,'Radeon','2018-04-25 09:45:14','2018-04-25 09:45:14'),(295,39,17,'20 GG','2018-04-25 09:45:14','2018-04-25 09:45:14'),(296,40,1,'1 TB','2018-04-25 09:45:14','2018-04-25 09:45:14'),(297,40,2,'4 GB','2018-04-25 09:45:14','2018-04-25 09:45:14'),(298,40,3,'8 GB','2018-04-25 09:45:14','2018-04-25 09:45:14'),(299,40,4,'Gigabyte','2018-04-25 09:45:14','2018-04-25 09:45:14'),(300,40,5,'AMD','2018-04-25 09:45:14','2018-04-25 09:45:14'),(301,40,6,'50 Watts','2018-04-25 09:45:14','2018-04-25 09:45:14'),(302,40,7,'Audiomix','2018-04-25 09:45:14','2018-04-25 09:45:14'),(303,40,8,'Radeon','2018-04-25 09:45:14','2018-04-25 09:45:14'),(304,40,17,'20 GG','2018-04-25 09:45:14','2018-04-25 09:45:14'),(305,41,1,'1 TB','2018-04-25 09:45:14','2018-04-25 09:45:14'),(306,41,2,'4 GB','2018-04-25 09:45:14','2018-04-25 09:45:14'),(307,41,3,'8 GB','2018-04-25 09:45:14','2018-04-25 09:45:14'),(308,41,4,'Gigabyte','2018-04-25 09:45:14','2018-04-25 09:45:14'),(309,41,5,'AMD','2018-04-25 09:45:14','2018-04-25 09:45:14'),(310,41,6,'50 Watts','2018-04-25 09:45:14','2018-04-25 09:45:14'),(311,41,7,'Audiomix','2018-04-25 09:45:14','2018-04-25 09:45:14'),(312,41,8,'Radeon','2018-04-25 09:45:14','2018-04-25 09:45:14'),(313,41,17,'20 GG','2018-04-25 09:45:14','2018-04-25 09:45:14'),(314,42,1,'1 TB','2018-04-25 09:45:14','2018-04-25 09:45:14'),(315,42,2,'4 GB','2018-04-25 09:45:14','2018-04-25 09:45:14'),(316,42,3,'8 GB','2018-04-25 09:45:14','2018-04-25 09:45:14'),(317,42,4,'Gigabyte','2018-04-25 09:45:14','2018-04-25 09:45:14'),(318,42,5,'AMD','2018-04-25 09:45:14','2018-04-25 09:45:14'),(319,42,6,'50 Watts','2018-04-25 09:45:14','2018-04-25 09:45:14'),(320,42,7,'Audiomix','2018-04-25 09:45:15','2018-04-25 09:45:15'),(321,42,8,'Radeon','2018-04-25 09:45:15','2018-04-25 09:45:15'),(322,42,17,'20 GG','2018-04-25 09:45:15','2018-04-25 09:45:15'),(323,43,12,'10','2018-04-25 10:19:12','2018-04-25 10:19:12'),(324,43,13,'20','2018-04-25 10:19:12','2018-04-25 10:19:12'),(325,43,14,'30','2018-04-25 10:19:12','2018-04-25 10:19:12'),(326,43,15,'40','2018-04-25 10:19:12','2018-04-25 10:19:12'),(327,43,16,'50','2018-04-25 10:19:12','2018-04-25 10:19:12'),(328,13,18,'','0000-00-00 00:00:00','2018-05-01 11:30:04'),(329,14,18,'','0000-00-00 00:00:00','2018-05-01 11:30:04'),(330,15,18,'','0000-00-00 00:00:00','2018-05-01 11:30:04'),(331,16,18,'','0000-00-00 00:00:00','2018-05-01 11:30:04'),(332,17,18,'','0000-00-00 00:00:00','2018-05-01 11:30:04'),(333,18,18,'','0000-00-00 00:00:00','2018-05-01 11:30:04'),(334,19,18,'','0000-00-00 00:00:00','2018-05-01 11:30:04'),(335,20,18,'','0000-00-00 00:00:00','2018-05-01 11:30:04'),(336,30,18,'','0000-00-00 00:00:00','2018-05-01 11:30:04'),(337,31,18,'','0000-00-00 00:00:00','2018-05-01 11:30:04'),(338,32,18,'','0000-00-00 00:00:00','2018-05-01 11:30:04'),(339,43,18,'','0000-00-00 00:00:00','2018-05-01 11:30:05'),(340,44,12,'','2018-05-01 11:55:47','2018-05-01 11:55:47'),(341,44,13,'','2018-05-01 11:55:47','2018-05-01 11:55:47'),(342,44,14,'','2018-05-01 11:55:47','2018-05-01 11:55:47'),(343,44,15,'','2018-05-01 11:55:47','2018-05-01 11:55:47'),(344,44,16,'','2018-05-01 11:55:47','2018-05-01 11:55:47'),(345,44,18,'','2018-05-01 11:55:47','2018-05-01 11:55:47'),(346,45,12,'2','2018-05-01 20:02:12','2018-05-01 20:02:12'),(347,45,13,'4','2018-05-01 20:02:12','2018-05-01 20:02:12'),(348,45,14,'6','2018-05-01 20:02:12','2018-05-01 20:02:12'),(349,45,15,'8','2018-05-01 20:02:12','2018-05-01 20:02:12'),(350,45,16,'10','2018-05-01 20:02:12','2018-05-01 20:02:12'),(351,45,18,'12','2018-05-01 20:02:12','2018-05-01 20:02:12'),(352,1,25,'','0000-00-00 00:00:00','2018-05-02 09:59:57'),(353,2,25,'','0000-00-00 00:00:00','2018-05-02 09:59:57'),(354,3,25,'','0000-00-00 00:00:00','2018-05-02 09:59:57'),(355,4,25,'','0000-00-00 00:00:00','2018-05-02 09:59:57'),(356,5,25,'','0000-00-00 00:00:00','2018-05-02 09:59:57'),(357,6,25,'','0000-00-00 00:00:00','2018-05-02 09:59:57'),(358,7,25,'','0000-00-00 00:00:00','2018-05-02 09:59:57'),(359,8,25,'','0000-00-00 00:00:00','2018-05-02 09:59:57'),(360,9,25,'','0000-00-00 00:00:00','2018-05-02 09:59:57'),(361,10,25,'','0000-00-00 00:00:00','2018-05-02 09:59:58'),(362,21,25,'','0000-00-00 00:00:00','2018-05-02 09:59:58'),(363,22,25,'','0000-00-00 00:00:00','2018-05-02 09:59:58'),(364,23,25,'','0000-00-00 00:00:00','2018-05-02 09:59:58'),(365,24,25,'','0000-00-00 00:00:00','2018-05-02 09:59:58'),(366,25,25,'','0000-00-00 00:00:00','2018-05-02 09:59:58'),(367,26,25,'','0000-00-00 00:00:00','2018-05-02 09:59:58'),(368,27,25,'','0000-00-00 00:00:00','2018-05-02 09:59:58'),(369,28,25,'','0000-00-00 00:00:00','2018-05-02 09:59:58'),(370,29,25,'','0000-00-00 00:00:00','2018-05-02 09:59:58'),(371,33,25,'','0000-00-00 00:00:00','2018-05-02 09:59:58'),(372,34,25,'','0000-00-00 00:00:00','2018-05-02 09:59:58'),(373,35,25,'','0000-00-00 00:00:00','2018-05-02 09:59:58'),(374,36,25,'','0000-00-00 00:00:00','2018-05-02 09:59:58'),(375,37,25,'','0000-00-00 00:00:00','2018-05-02 09:59:58'),(376,38,25,'','0000-00-00 00:00:00','2018-05-02 09:59:58'),(377,39,25,'','0000-00-00 00:00:00','2018-05-02 09:59:58'),(378,40,25,'','0000-00-00 00:00:00','2018-05-02 09:59:58'),(379,41,25,'','0000-00-00 00:00:00','2018-05-02 09:59:58'),(380,42,25,'','0000-00-00 00:00:00','2018-05-02 09:59:58'),(381,1,26,'','0000-00-00 00:00:00','2018-05-02 09:59:58'),(382,2,26,'','0000-00-00 00:00:00','2018-05-02 09:59:58'),(383,3,26,'','0000-00-00 00:00:00','2018-05-02 09:59:58'),(384,4,26,'','0000-00-00 00:00:00','2018-05-02 09:59:58'),(385,5,26,'','0000-00-00 00:00:00','2018-05-02 09:59:58'),(386,6,26,'','0000-00-00 00:00:00','2018-05-02 09:59:58'),(387,7,26,'','0000-00-00 00:00:00','2018-05-02 09:59:58'),(388,8,26,'','0000-00-00 00:00:00','2018-05-02 09:59:58'),(389,9,26,'','0000-00-00 00:00:00','2018-05-02 09:59:58'),(390,10,26,'','0000-00-00 00:00:00','2018-05-02 09:59:58'),(391,21,26,'','0000-00-00 00:00:00','2018-05-02 09:59:58'),(392,22,26,'','0000-00-00 00:00:00','2018-05-02 09:59:58'),(393,23,26,'','0000-00-00 00:00:00','2018-05-02 09:59:58'),(394,24,26,'','0000-00-00 00:00:00','2018-05-02 09:59:58'),(395,25,26,'','0000-00-00 00:00:00','2018-05-02 09:59:58'),(396,26,26,'','0000-00-00 00:00:00','2018-05-02 09:59:58'),(397,27,26,'','0000-00-00 00:00:00','2018-05-02 09:59:58'),(398,28,26,'','0000-00-00 00:00:00','2018-05-02 09:59:58'),(399,29,26,'','0000-00-00 00:00:00','2018-05-02 09:59:59'),(400,33,26,'','0000-00-00 00:00:00','2018-05-02 09:59:59'),(401,34,26,'','0000-00-00 00:00:00','2018-05-02 09:59:59'),(402,35,26,'','0000-00-00 00:00:00','2018-05-02 09:59:59'),(403,36,26,'','0000-00-00 00:00:00','2018-05-02 09:59:59'),(404,37,26,'','0000-00-00 00:00:00','2018-05-02 09:59:59'),(405,38,26,'','0000-00-00 00:00:00','2018-05-02 09:59:59'),(406,39,26,'','0000-00-00 00:00:00','2018-05-02 09:59:59'),(407,40,26,'','0000-00-00 00:00:00','2018-05-02 09:59:59'),(408,41,26,'','0000-00-00 00:00:00','2018-05-02 09:59:59'),(409,42,26,'','0000-00-00 00:00:00','2018-05-02 09:59:59'),(410,46,1,'','2018-05-03 12:39:41','2018-05-03 12:39:41'),(411,46,2,'','2018-05-03 12:39:41','2018-05-03 12:39:41'),(412,46,3,'4','2018-05-03 12:39:41','2018-05-03 12:39:41'),(413,46,4,'','2018-05-03 12:39:41','2018-05-03 12:39:41'),(414,46,5,'','2018-05-03 12:39:41','2018-05-03 12:39:41'),(415,46,6,'','2018-05-03 12:39:41','2018-05-03 12:39:41'),(416,46,7,'','2018-05-03 12:39:41','2018-05-03 12:39:41'),(417,46,8,'2','2018-05-03 12:39:41','2018-05-03 12:39:41'),(418,46,17,'','2018-05-03 12:39:41','2018-05-03 12:39:41'),(419,46,25,'8','2018-05-03 12:39:41','2018-05-03 12:39:41'),(420,46,26,'','2018-05-03 12:39:41','2018-05-03 12:39:41'),(421,48,1,'','2018-05-03 12:44:48','2018-05-03 12:44:48'),(422,48,2,'','2018-05-03 12:44:48','2018-05-03 12:44:48'),(423,48,3,'','2018-05-03 12:44:48','2018-05-03 12:44:48'),(424,48,4,'','2018-05-03 12:44:48','2018-05-03 12:44:48'),(425,48,5,'','2018-05-03 12:44:48','2018-05-03 12:44:48'),(426,48,6,'','2018-05-03 12:44:48','2018-05-03 12:44:48'),(427,48,7,'','2018-05-03 12:44:48','2018-05-03 12:44:48'),(428,48,8,'','2018-05-03 12:44:48','2018-05-03 12:44:48'),(429,48,17,'','2018-05-03 12:44:48','2018-05-03 12:44:48'),(430,48,25,'1tb','2018-05-03 12:44:48','2018-05-03 12:44:48'),(431,48,26,'','2018-05-03 12:44:48','2018-05-03 12:44:48'),(432,49,1,'dadad','2018-05-03 12:57:59','2018-05-03 12:57:59'),(433,49,2,'','2018-05-03 12:57:59','2018-05-03 12:57:59'),(434,49,3,'','2018-05-03 12:57:59','2018-05-03 12:57:59'),(435,49,4,'','2018-05-03 12:57:59','2018-05-03 12:57:59'),(436,49,5,'','2018-05-03 12:57:59','2018-05-03 12:57:59'),(437,49,6,'','2018-05-03 12:57:59','2018-05-03 12:57:59'),(438,49,7,'','2018-05-03 12:57:59','2018-05-03 12:57:59'),(439,49,8,'','2018-05-03 12:58:00','2018-05-03 12:58:00'),(440,49,17,'','2018-05-03 12:58:00','2018-05-03 12:58:00'),(441,49,25,'','2018-05-03 12:58:00','2018-05-03 12:58:00'),(442,49,26,'','2018-05-03 12:58:00','2018-05-03 12:58:00'),(443,50,12,'','2018-05-03 15:28:34','2018-05-03 15:28:34'),(444,50,13,'','2018-05-03 15:28:34','2018-05-03 15:28:34'),(445,50,14,'','2018-05-03 15:28:34','2018-05-03 15:28:34'),(446,50,15,'','2018-05-03 15:28:34','2018-05-03 15:28:34'),(447,50,16,'','2018-05-03 15:28:34','2018-05-03 15:28:34'),(448,50,18,'','2018-05-03 15:28:34','2018-05-03 15:28:34'),(449,51,22,'2gb','2018-05-04 06:14:52','2018-05-04 06:14:52'),(450,51,23,'3ghz','2018-05-04 06:14:52','2018-05-04 06:14:52'),(451,51,24,'2','2018-05-04 06:14:52','2018-05-04 06:14:52'),(452,51,27,'readon','2018-05-04 06:14:53','2018-05-04 06:14:53'),(453,52,12,'2','2018-05-04 09:03:12','2018-05-04 09:03:12'),(454,52,13,'4','2018-05-04 09:03:12','2018-05-04 09:03:12'),(455,52,14,'6','2018-05-04 09:03:12','2018-05-04 09:03:12'),(456,52,15,'8','2018-05-04 09:03:12','2018-05-04 09:03:12'),(457,52,16,'10','2018-05-04 09:03:12','2018-05-04 09:03:12'),(458,52,18,'12','2018-05-04 09:03:12','2018-05-04 09:03:12'),(459,53,12,'1','2018-05-04 09:06:03','2018-05-04 09:06:03'),(460,53,13,'2','2018-05-04 09:06:03','2018-05-04 09:06:03'),(461,53,14,'3','2018-05-04 09:06:03','2018-05-04 09:06:03'),(462,53,15,'4','2018-05-04 09:06:03','2018-05-04 09:06:03'),(463,53,16,'5','2018-05-04 09:06:03','2018-05-04 09:06:03'),(464,53,18,'6','2018-05-04 09:06:03','2018-05-04 09:06:03');
/*!40000 ALTER TABLE `asset_details` ENABLE KEYS */;
UNLOCK TABLES;

--
-- Table structure for table `asset_types`
--

DROP TABLE IF EXISTS `asset_types`;
/*!40101 SET @saved_cs_client     = @@character_set_client */;
/*!40101 SET character_set_client = utf8 */;
CREATE TABLE `asset_types` (
  `id` int(11) NOT NULL AUTO_INCREMENT,
  `type_name` varchar(100) NOT NULL,
  `is_active` tinyint(4) DEFAULT NULL,
  `create_timestamp` timestamp NOT NULL DEFAULT '0000-00-00 00:00:00',
  `update_timestamp` timestamp NOT NULL DEFAULT CURRENT_TIMESTAMP ON UPDATE CURRENT_TIMESTAMP,
  PRIMARY KEY (`id`),
  UNIQUE KEY `type_name_UNIQUE` (`type_name`)
) ENGINE=InnoDB AUTO_INCREMENT=9 DEFAULT CHARSET=utf8;
/*!40101 SET character_set_client = @saved_cs_client */;

--
-- Dumping data for table `asset_types`
--

LOCK TABLES `asset_types` WRITE;
/*!40000 ALTER TABLE `asset_types` DISABLE KEYS */;
INSERT INTO `asset_types` VALUES (1,'Desktop',1,'2018-04-09 09:38:03','2018-04-09 09:38:03'),(3,'Ram',1,'2018-04-10 06:10:50','2018-04-10 06:10:50'),(4,'Server',1,'2018-05-01 14:17:32','2018-05-01 14:17:32'),(5,'Graphics Card',1,'2018-05-01 20:53:59','2018-05-01 20:53:59'),(6,'Speaker',1,'2018-05-03 09:46:00','2018-05-03 09:46:00'),(7,'Processor',1,'2018-05-03 09:53:15','2018-05-03 09:53:15');
/*!40000 ALTER TABLE `asset_types` ENABLE KEYS */;
UNLOCK TABLES;

--
-- Table structure for table `asset_types_attributes`
--

DROP TABLE IF EXISTS `asset_types_attributes`;
/*!40101 SET @saved_cs_client     = @@character_set_client */;
/*!40101 SET character_set_client = utf8 */;
CREATE TABLE `asset_types_attributes` (
  `id` int(11) NOT NULL AUTO_INCREMENT,
  `asset_type_id` int(11) NOT NULL,
  `attr_name` varchar(100) DEFAULT NULL,
  `is_modifiable` tinyint(4) DEFAULT NULL,
  `is_mandatory` tinyint(4) DEFAULT NULL,
  `is_active` tinyint(4) DEFAULT NULL,
  `create_timestamp` timestamp NOT NULL DEFAULT '0000-00-00 00:00:00',
  `update_timestamp` timestamp NOT NULL DEFAULT CURRENT_TIMESTAMP ON UPDATE CURRENT_TIMESTAMP,
  PRIMARY KEY (`id`),
  KEY `asset_type_id_idx` (`asset_type_id`),
  CONSTRAINT `asset_type_id1` FOREIGN KEY (`asset_type_id`) REFERENCES `asset_types` (`id`) ON DELETE NO ACTION ON UPDATE NO ACTION
) ENGINE=InnoDB AUTO_INCREMENT=33 DEFAULT CHARSET=utf8;
/*!40101 SET character_set_client = @saved_cs_client */;

--
-- Dumping data for table `asset_types_attributes`
--

LOCK TABLES `asset_types_attributes` WRITE;
/*!40000 ALTER TABLE `asset_types_attributes` DISABLE KEYS */;
INSERT INTO `asset_types_attributes` VALUES (1,1,'HDD',1,1,1,'2018-04-09 09:38:03','2018-04-09 09:38:03'),(2,1,'RAM',1,1,1,'2018-04-09 09:38:03','2018-04-09 09:38:03'),(3,1,'RAM',1,1,1,'2018-04-09 09:38:03','2018-04-09 09:38:03'),(4,1,'Motherboard',0,1,1,'2018-04-09 09:38:03','2018-04-09 09:38:03'),(5,1,'Processor',0,1,1,'2018-04-09 09:38:03','2018-04-09 09:38:03'),(6,1,'SMPS',1,1,1,'2018-04-09 09:41:16','2018-04-09 09:41:16'),(7,1,'Sound Card',1,0,1,'2018-04-09 09:44:25','2018-04-10 06:15:50'),(8,1,'Graphics Card',1,0,1,'2018-04-09 09:44:25','2018-04-10 06:15:51'),(12,3,'Colour',0,1,1,'2018-04-10 06:10:50','2018-04-10 06:10:50'),(13,3,'Size',0,1,1,'2018-04-10 06:10:50','2018-04-10 06:10:50'),(14,3,'Speed',0,1,1,'2018-04-10 06:11:10','2018-04-10 06:11:10'),(15,3,'Weight',0,0,1,'2018-04-10 06:32:00','2018-04-10 06:32:00'),(16,3,'Price',0,1,1,'2018-04-17 06:08:30','2018-04-17 06:08:30'),(17,1,'Server',1,1,1,'2018-04-17 06:39:59','2018-04-17 06:39:59'),(18,3,'Extended Warranty',1,0,1,'2018-05-01 11:30:04','2018-05-01 11:30:04'),(19,4,'RAM',1,1,1,'2018-05-01 14:17:32','2018-05-01 14:17:32'),(20,4,'HDD',1,1,1,'2018-05-01 14:17:32','2018-05-01 14:17:32'),(21,4,'Colour',1,0,1,'2018-05-01 14:17:32','2018-05-01 14:17:32'),(22,5,'VRAM',0,1,1,'2018-05-01 20:54:00','2018-05-01 20:54:00'),(23,5,'Clock Speed',0,1,1,'2018-05-01 20:54:01','2018-05-01 20:54:01'),(24,5,'Fans',0,1,1,'2018-05-01 20:54:01','2018-05-01 20:54:01'),(25,1,'ROM',1,1,1,'2018-05-02 09:59:57','2018-05-02 09:59:57'),(26,1,'',1,1,1,'2018-05-02 09:59:57','2018-05-02 09:59:57'),(27,5,'Brand',1,1,1,'2018-05-02 10:01:07','2018-05-02 10:01:07'),(28,6,'Weight',1,1,1,'2018-05-03 09:46:00','2018-05-03 09:46:00'),(29,7,'Processor (CPU) Model',1,1,1,'2018-05-03 09:53:15','2018-05-03 09:53:15'),(30,7,'Processor (CPU) Manufacturer',1,1,1,'2018-05-03 09:53:15','2018-05-03 09:53:15'),(31,7,'Processor (CPU) Speed',1,1,1,'2018-05-03 09:53:15','2018-05-03 09:53:15'),(32,6,'Brand',1,1,1,'2018-05-03 10:16:14','2018-05-03 10:16:14');
/*!40000 ALTER TABLE `asset_types_attributes` ENABLE KEYS */;
UNLOCK TABLES;

--
-- Table structure for table `branch`
--

DROP TABLE IF EXISTS `branch`;
/*!40101 SET @saved_cs_client     = @@character_set_client */;
/*!40101 SET character_set_client = utf8 */;
CREATE TABLE `branch` (
  `id` int(11) NOT NULL AUTO_INCREMENT COMMENT 'id (primary key) is the Branch id field\n',
  `name` varchar(100) NOT NULL,
  `location` varchar(100) NOT NULL,
  `contact_no` varchar(50) DEFAULT NULL,
  `contact_person` varchar(50) DEFAULT NULL,
  `email` varchar(100) DEFAULT NULL,
  `address` varchar(100) DEFAULT NULL,
  `address1` varchar(100) DEFAULT NULL,
  `address2` varchar(100) DEFAULT NULL,
  `city` varchar(50) DEFAULT NULL,
  `state` varchar(25) DEFAULT NULL,
  `pincode` varchar(25) DEFAULT NULL,
  `status` varchar(50) DEFAULT NULL,
  `create_timestamp` timestamp NOT NULL DEFAULT '0000-00-00 00:00:00',
  `update_timestamp` timestamp NOT NULL DEFAULT CURRENT_TIMESTAMP ON UPDATE CURRENT_TIMESTAMP,
  PRIMARY KEY (`id`)
) ENGINE=InnoDB AUTO_INCREMENT=2 DEFAULT CHARSET=utf8;
/*!40101 SET character_set_client = @saved_cs_client */;

--
-- Dumping data for table `branch`
--

LOCK TABLES `branch` WRITE;
/*!40000 ALTER TABLE `branch` DISABLE KEYS */;
INSERT INTO `branch` VALUES (1,'Pune','Pune',NULL,NULL,NULL,NULL,NULL,NULL,'Pune','Maharastra',NULL,NULL,'0000-00-00 00:00:00','2018-03-19 06:09:21');
/*!40000 ALTER TABLE `branch` ENABLE KEYS */;
UNLOCK TABLES;

--
-- Table structure for table `challan_draft`
--

DROP TABLE IF EXISTS `challan_draft`;
/*!40101 SET @saved_cs_client     = @@character_set_client */;
/*!40101 SET character_set_client = utf8 */;
CREATE TABLE `challan_draft` (
  `id` int(11) NOT NULL AUTO_INCREMENT,
  `challan_type` varchar(55) DEFAULT NULL,
  `challan_description` varchar(100) DEFAULT NULL,
  `challan_details` longtext,
  `create_timestamp` timestamp NOT NULL DEFAULT '0000-00-00 00:00:00',
  `update_timestamp` timestamp NOT NULL DEFAULT CURRENT_TIMESTAMP ON UPDATE CURRENT_TIMESTAMP,
  PRIMARY KEY (`id`)
) ENGINE=InnoDB AUTO_INCREMENT=35 DEFAULT CHARSET=utf8;
/*!40101 SET character_set_client = @saved_cs_client */;

--
-- Dumping data for table `challan_draft`
--

LOCK TABLES `challan_draft` WRITE;
/*!40000 ALTER TABLE `challan_draft` DISABLE KEYS */;
INSERT INTO `challan_draft` VALUES (34,'order','Avilash Kumar: Dell Inspiron/ Zebra/','{\"selectedCustomerId\":1,\"selectedLocationId\":2,\"selectedChallanId\":\"0\",\"customerList\":[{\"customerId\":1,\"cName\":\"Avilash Kumar\",\"updatedDate\":\"2018-04-17T00:48:46.000Z\",\"createdDate\":\"2018-04-04T07:18:46.000Z\",\"previouslyKnownAs\":\"Avilash Chatterjee\",\"panNo\":\"as12as\",\"comments\":\"First Customer ,First Customer ,First Customer ,First Customer ,First Customer ,First Customer ,First Customer ,First Customer\"},{\"customerId\":2,\"cName\":\"Ritaraj Pal\",\"updatedDate\":\"2018-04-17T00:58:56.000Z\",\"createdDate\":\"2018-04-04T07:25:28.000Z\",\"previouslyKnownAs\":\"Ritaraj Dutta\",\"panNo\":\"adwe12\",\"comments\":\"Second Customer ,First Change ,Hello World ,GGG\"},{\"customerId\":3,\"cName\":\"Meghnad Das\",\"updatedDate\":\"2018-04-17T00:56:21.000Z\",\"createdDate\":\"2018-04-05T01:05:33.000Z\",\"previouslyKnownAs\":\"Meghnad Das\",\"panNo\":\"11qwsd\",\"comments\":\"Third Customer  ,Third Customer  ,Third Customer  ,Third Customer  ,\"},{\"customerId\":4,\"cName\":\"Diganta Das\",\"updatedDate\":\"2018-04-17T00:19:06.000Z\",\"createdDate\":\"2018-04-16T12:02:43.000Z\",\"previouslyKnownAs\":\"Diganta Datta\",\"panNo\":\"d-123\",\"comments\":\"Named as Dutta ,Renamed to Datta ,Named as Dutta ,Renamed to Datta ,Customer He He\"},{\"customerId\":5,\"cName\":\"Amarjit Sen\",\"updatedDate\":\"2018-04-17T00:55:08.000Z\",\"createdDate\":\"2018-04-17T00:32:31.000Z\",\"previouslyKnownAs\":\"Amarjit Das\",\"panNo\":\"d1234\",\"comments\":\"Fifth Customer ,RCCIIT Student ,Fifth Customer ,RCCIIT Student ,Fifth Customer ,RCCIIT Student ,Fifth Customer ,RCCIIT Student\"},{\"customerId\":6,\"cName\":\"Ibm Pvt Ltd\",\"updatedDate\":\"2018-04-24T06:30:45.000Z\",\"createdDate\":\"2018-04-17T01:30:47.000Z\",\"previouslyKnownAs\":\"Ibm\",\"panNo\":\"i123\",\"comments\":\"Test Customer ,Test Customer  ,Test Customer ,Test Customer\"},{\"customerId\":14,\"cName\":\"Batman\",\"updatedDate\":\"2018-05-01T09:41:17.000Z\",\"createdDate\":\"2018-04-24T05:14:08.000Z\",\"previouslyKnownAs\":null,\"panNo\":\"batpan123\",\"comments\":\"Gotham Rocks  ,DC bad  ,Gotham Rocks  ,DC bad  ,Gotham Rocks  ,DC bad  ,Gotham Rocks  ,DC bad  ,Gotham Rocks  ,DC bad  ,Gotham Rocks  ,DC bad  ,Gotham Rocks  ,DC bad  ,Gotham Rocks  ,DC bad  ,Gotham R\"},{\"customerId\":15,\"cName\":\"Manidipa Das\",\"updatedDate\":\"2018-05-02T01:10:45.000Z\",\"createdDate\":\"2018-05-02T01:04:01.000Z\",\"previouslyKnownAs\":null,\"panNo\":\"mani09oct\",\"comments\":\"  ,  ,\"},{\"customerId\":16,\"cName\":\"Manidipa Das\",\"updatedDate\":\"2018-05-02T01:04:04.000Z\",\"createdDate\":\"2018-05-02T01:04:04.000Z\",\"previouslyKnownAs\":null,\"panNo\":\"mani09oct\",\"comments\":\"\"},{\"customerId\":17,\"cName\":\"Manidipa Das\",\"updatedDate\":\"2018-05-02T01:04:15.000Z\",\"createdDate\":\"2018-05-02T01:04:15.000Z\",\"previouslyKnownAs\":null,\"panNo\":\"mani09oct\",\"comments\":\"\"},{\"customerId\":18,\"cName\":\"Manidipa Das\",\"updatedDate\":\"2018-05-02T01:04:16.000Z\",\"createdDate\":\"2018-05-02T01:04:16.000Z\",\"previouslyKnownAs\":null,\"panNo\":\"mani09oct\",\"comments\":\"\"},{\"customerId\":19,\"cName\":\"Manidipa Das\",\"updatedDate\":\"2018-05-02T01:04:16.000Z\",\"createdDate\":\"2018-05-02T01:04:16.000Z\",\"previouslyKnownAs\":null,\"panNo\":\"mani09oct\",\"comments\":\"\"},{\"customerId\":20,\"cName\":\"Manidipa Das\",\"updatedDate\":\"2018-05-02T01:04:16.000Z\",\"createdDate\":\"2018-05-02T01:04:16.000Z\",\"previouslyKnownAs\":null,\"panNo\":\"mani09oct\",\"comments\":\"\"},{\"customerId\":21,\"cName\":\"Trisha Ghosh\",\"updatedDate\":\"2018-05-02T01:44:05.000Z\",\"createdDate\":\"2018-05-02T01:44:05.000Z\",\"previouslyKnownAs\":null,\"panNo\":\"tri45gh\",\"comments\":\"\"},{\"customerId\":22,\"cName\":\"Trisha Ghosh\",\"updatedDate\":\"2018-05-02T01:44:35.000Z\",\"createdDate\":\"2018-05-02T01:44:35.000Z\",\"previouslyKnownAs\":null,\"panNo\":\"tri45gh\",\"comments\":\"\"},{\"customerId\":23,\"cName\":\"Trisha Ghosh\",\"updatedDate\":\"2018-05-02T01:45:00.000Z\",\"createdDate\":\"2018-05-02T01:45:00.000Z\",\"previouslyKnownAs\":null,\"panNo\":\"tri45gh\",\"comments\":\"\"},{\"customerId\":24,\"cName\":\"Swarnendu Basak\",\"updatedDate\":\"2018-05-03T04:38:13.000Z\",\"createdDate\":\"2018-05-03T04:34:33.000Z\",\"previouslyKnownAs\":null,\"panNo\":\"swar123bs\",\"comments\":\"studet of rcciit  ,studet of rcciit  ,studet of rcciit  ,studet of rcciit  ,studet of rcciit  ,studet of rcciit  ,studet of rcciit  ,studet of rcciit\"}],\"extraData\":[],\"challanCartItems\":[{\"assetId\":10,\"assetTypeId\":1,\"make\":\"Dell Inspiron\",\"warrantyEndDate\":\"2018-04-09 20:44:33\",\"serialNo\":\"d9\",\"purchaseDate\":\"2018-04-09 20:44:33\",\"purchasePrice\":9000,\"procurementDate\":\"2018-04-09 20:44:33\",\"status\":\"2\",\"partCode\":\"p-03\",\"branch\":\"Kolkata\",\"transferOrderNo\":\"p-0003\",\"transferOrderDate\":\"Invalid date\",\"dynaData\":[{\"name\":\"HDD\",\"value\":\"500 GB\"},{\"name\":\"RAM\",\"value\":\"4 GB\"},{\"name\":\"RAM\",\"value\":\"4 GB\"},{\"name\":\"Motherboard\",\"value\":\"Dellboard\"},{\"name\":\"Processor\",\"value\":\"AMD Processor\"},{\"name\":\"SMPS\",\"value\":\"300 Watts\"},{\"name\":\"Sound Card\",\"value\":\"Audiomix\"},{\"name\":\"Graphics Card\",\"value\":\"ATI\"},{\"name\":\"Server\",\"value\":\"\"},{\"name\":\"ROM\",\"value\":\"\"},{\"name\":\"\",\"value\":\"\"}],\"extras\":[{\"assetId\":30,\"assetTypeId\":3,\"make\":\"Zebra\",\"warrantyEndDate\":\"\",\"serialNo\":\"r-test1\",\"purchaseDate\":\"\",\"purchasePrice\":0,\"procurementDate\":\"\",\"status\":\"1\",\"partCode\":\"\",\"branch\":\"Pune\",\"transferOrderNo\":\"\",\"transferOrderDate\":\"Invalid date\",\"dynaData\":[{\"name\":\"Colour\",\"value\":\"3\"},{\"name\":\"Size\",\"value\":\"4\"},{\"name\":\"Speed\",\"value\":\"5\"},{\"name\":\"Weight\",\"value\":\"6\"},{\"name\":\"Price\",\"value\":\"7\"},{\"name\":\"Extended Warranty\",\"value\":\"\"}]}],\"rentEndDate\":\"2018-05-31T05:27:12.000Z\",\"totalUnitPrice\":54000,\"totalPrice\":56700,\"unitPrice\":\"2000\",\"gst\":\"5\"},{\"assetId\":30,\"assetTypeId\":3,\"make\":\"Zebra\",\"warrantyEndDate\":\"\",\"serialNo\":\"r-test1\",\"purchaseDate\":\"\",\"purchasePrice\":0,\"procurementDate\":\"\",\"status\":\"1\",\"partCode\":\"\",\"branch\":\"Pune\",\"transferOrderNo\":\"\",\"transferOrderDate\":\"Invalid date\",\"dynaData\":[{\"name\":\"Colour\",\"value\":\"3\"},{\"name\":\"Size\",\"value\":\"4\"},{\"name\":\"Speed\",\"value\":\"5\"},{\"name\":\"Weight\",\"value\":\"6\"},{\"name\":\"Price\",\"value\":\"7\"},{\"name\":\"Extended Warranty\",\"value\":\"\"}],\"parentId\":0,\"rentEndDate\":\"2018-05-31T05:27:47.000Z\",\"totalUnitPrice\":5400,\"totalPrice\":5670,\"unitPrice\":\"200\",\"gst\":\"5\"}],\"customerLocations\":[{\"cid\":1,\"customerId\":1,\"address\":\"b 25/5\",\"gstValue\":\"2fhets\",\"contactPerson1\":\"Ritaraj\",\"contactNumber1\":\"11110001\",\"email1\":\"df@yahoo.joe\",\"contactPerson1Valid\":0,\"contactPerson2\":null,\"contactNumber2\":null,\"email2\":null,\"contactPerson2Valid\":0,\"contactPerson3\":null,\"contactNumber3\":null,\"email3\":null,\"contactPerson3Valid\":0,\"contactPerson4\":null,\"contactNumber4\":null,\"email4\":null,\"contactPerson4Valid\":0,\"isMain\":0,\"isValid\":0,\"createdDate\":\"2018-04-04T07:18:46.000Z\",\"updatedDate\":\"2018-04-17T00:48:46.000Z\",\"sez\":1,\"city\":\"Kolkata\",\"state\":\"West Bengal\",\"pincode\":\"700080\"},{\"cid\":2,\"customerId\":1,\"address\":\"b infinity\",\"gstValue\":\"NA\",\"contactPerson1\":\"Amarjit Ghosh\",\"contactNumber1\":\"77777777\",\"email1\":\"df7@yahoo.in\",\"contactPerson1Valid\":0,\"contactPerson2\":null,\"contactNumber2\":null,\"email2\":null,\"contactPerson2Valid\":0,\"contactPerson3\":null,\"contactNumber3\":null,\"email3\":null,\"contactPerson3Valid\":0,\"contactPerson4\":null,\"contactNumber4\":null,\"email4\":null,\"contactPerson4Valid\":0,\"isMain\":0,\"isValid\":1,\"createdDate\":\"2018-04-04T07:18:46.000Z\",\"updatedDate\":\"2018-04-17T00:48:46.000Z\",\"sez\":0,\"city\":\"Kolkata\",\"state\":\"West Bengal\",\"pincode\":\"700010\"},{\"cid\":3,\"customerId\":1,\"address\":\"b 25 park street\",\"gstValue\":\"NA\",\"contactPerson1\":\"Goering\",\"contactNumber1\":\"4444444444\",\"email1\":\"as@yahoo.in\",\"contactPerson1Valid\":0,\"contactPerson2\":null,\"contactNumber2\":null,\"email2\":null,\"contactPerson2Valid\":0,\"contactPerson3\":null,\"contactNumber3\":null,\"email3\":null,\"contactPerson3Valid\":0,\"contactPerson4\":null,\"contactNumber4\":null,\"email4\":null,\"contactPerson4Valid\":0,\"isMain\":0,\"isValid\":1,\"createdDate\":\"2018-04-04T07:18:46.000Z\",\"updatedDate\":\"2018-04-17T00:35:02.000Z\",\"sez\":0,\"city\":\"Kolkata\",\"state\":\"West Bengal\",\"pincode\":\"700090\"},{\"cid\":4,\"customerId\":2,\"address\":\"5 Marine Drive\",\"gstValue\":\"5fsjhfjsh\",\"contactPerson1\":\"Diganta Dutta\",\"contactNumber1\":\"66666666\",\"email1\":\"jb@yahoo.in\",\"contactPerson1Valid\":0,\"contactPerson2\":null,\"contactNumber2\":null,\"email2\":null,\"contactPerson2Valid\":0,\"contactPerson3\":null,\"contactNumber3\":null,\"email3\":null,\"contactPerson3Valid\":0,\"contactPerson4\":null,\"contactNumber4\":null,\"email4\":null,\"contactPerson4Valid\":0,\"isMain\":0,\"isValid\":1,\"createdDate\":\"2018-04-04T07:25:28.000Z\",\"updatedDate\":\"2018-04-17T00:58:56.000Z\",\"sez\":1,\"city\":\"Mumbai\",\"state\":\"Maharashtra\",\"pincode\":\"800000\"},{\"cid\":5,\"customerId\":2,\"address\":\"5 demazio\",\"gstValue\":\"sjhskj647s2\",\"contactPerson1\":\"Dutta\",\"contactNumber1\":\"11110001\",\"email1\":\"df@yahoo.im\",\"contactPerson1Valid\":0,\"contactPerson2\":null,\"contactNumber2\":null,\"email2\":null,\"contactPerson2Valid\":0,\"contactPerson3\":null,\"contactNumber3\":null,\"email3\":null,\"contactPerson3Valid\":0,\"contactPerson4\":null,\"contactNumber4\":null,\"email4\":null,\"contactPerson4Valid\":0,\"isMain\":0,\"isValid\":0,\"createdDate\":\"2018-04-04T07:25:28.000Z\",\"updatedDate\":\"2018-04-17T00:58:56.000Z\",\"sez\":0,\"city\":\"Kotla\",\"state\":\"Gujrat\",\"pincode\":\"800765\"},{\"cid\":6,\"customerId\":2,\"address\":\"5 Return Street\",\"gstValue\":\"NA\",\"contactPerson1\":\"Amarjit\",\"contactNumber1\":\"77777777\",\"email1\":\"df7@yahoo.in\",\"contactPerson1Valid\":0,\"contactPerson2\":null,\"contactNumber2\":null,\"email2\":null,\"contactPerson2Valid\":0,\"contactPerson3\":null,\"contactNumber3\":null,\"email3\":null,\"contactPerson3Valid\":0,\"contactPerson4\":null,\"contactNumber4\":null,\"email4\":null,\"contactPerson4Valid\":0,\"isMain\":1,\"isValid\":1,\"createdDate\":\"2018-04-04T07:25:28.000Z\",\"updatedDate\":\"2018-04-17T00:58:56.000Z\",\"sez\":0,\"city\":\"Kolkata\",\"state\":\"West Bengal\",\"pincode\":\"555643\"},{\"cid\":7,\"customerId\":2,\"address\":\"1/3 Soham Street\",\"gstValue\":\"8\",\"contactPerson1\":\"Soham Rana\",\"contactNumber1\":\"88888888\",\"email1\":\"soh@yahoo.com\",\"contactPerson1Valid\":0,\"contactPerson2\":null,\"contactNumber2\":null,\"email2\":null,\"contactPerson2Valid\":0,\"contactPerson3\":null,\"contactNumber3\":null,\"email3\":null,\"contactPerson3Valid\":0,\"contactPerson4\":null,\"contactNumber4\":null,\"email4\":null,\"contactPerson4Valid\":0,\"isMain\":0,\"isValid\":1,\"createdDate\":\"2018-04-04T07:25:28.000Z\",\"updatedDate\":\"2018-04-17T00:58:56.000Z\",\"sez\":1,\"city\":\"Kolkata\",\"state\":\"West Bengal\",\"pincode\":\"700010\"},{\"cid\":8,\"customerId\":3,\"address\":\"23 rtf\",\"gstValue\":\"2gdsgs6g\",\"contactPerson1\":\"Joe Rogan\",\"contactNumber1\":\"09812365\",\"email1\":\"rt@yahoo.in\",\"contactPerson1Valid\":0,\"contactPerson2\":null,\"contactNumber2\":null,\"email2\":null,\"contactPerson2Valid\":0,\"contactPerson3\":null,\"contactNumber3\":null,\"email3\":null,\"contactPerson3Valid\":0,\"contactPerson4\":null,\"contactNumber4\":null,\"email4\":null,\"contactPerson4Valid\":0,\"isMain\":0,\"isValid\":1,\"createdDate\":\"2018-04-05T01:05:33.000Z\",\"updatedDate\":\"2018-04-17T00:56:21.000Z\",\"sez\":1,\"city\":\"Kolkata\",\"state\":\"West Bengal\",\"pincode\":\"700101\"},{\"cid\":9,\"customerId\":3,\"address\":\"2/5 we street\",\"gstValue\":\"5wgerh\",\"contactPerson1\":\"Ron Weasley\",\"contactNumber1\":\"23667834\",\"email1\":\"kjh@yahoo.rte\",\"contactPerson1Valid\":0,\"contactPerson2\":null,\"contactNumber2\":null,\"email2\":null,\"contactPerson2Valid\":0,\"contactPerson3\":null,\"contactNumber3\":null,\"email3\":null,\"contactPerson3Valid\":0,\"contactPerson4\":null,\"contactNumber4\":null,\"email4\":null,\"contactPerson4Valid\":0,\"isMain\":1,\"isValid\":1,\"createdDate\":\"2018-04-05T01:05:33.000Z\",\"updatedDate\":\"2018-04-17T00:56:21.000Z\",\"sez\":1,\"city\":\"Kolkata\",\"state\":\"West Bengal\",\"pincode\":\"700123\"},{\"cid\":10,\"customerId\":3,\"address\":\"4/3 rte avenue\",\"gstValue\":\"5reht\",\"contactPerson1\":\"Ruskin\",\"contactNumber1\":\"4455667788\",\"email1\":\"rte@yahoo.rte\",\"contactPerson1Valid\":0,\"contactPerson2\":null,\"contactNumber2\":null,\"email2\":null,\"contactPerson2Valid\":0,\"contactPerson3\":null,\"contactNumber3\":null,\"email3\":null,\"contactPerson3Valid\":0,\"contactPerson4\":null,\"contactNumber4\":null,\"email4\":null,\"contactPerson4Valid\":0,\"isMain\":0,\"isValid\":0,\"createdDate\":\"2018-04-05T01:05:33.000Z\",\"updatedDate\":\"2018-04-17T00:56:22.000Z\",\"sez\":0,\"city\":\"Kolkata\",\"state\":\"West Bengal\",\"pincode\":\"700900\"},{\"cid\":11,\"customerId\":3,\"address\":\"2/3 roger street\",\"gstValue\":\"NA\",\"contactPerson1\":\"Sen\",\"contactNumber1\":\"09236482\",\"email1\":\"gg@yahoo.gg\",\"contactPerson1Valid\":0,\"contactPerson2\":null,\"contactNumber2\":null,\"email2\":null,\"contactPerson2Valid\":0,\"contactPerson3\":null,\"contactNumber3\":null,\"email3\":null,\"contactPerson3Valid\":0,\"contactPerson4\":null,\"contactNumber4\":null,\"email4\":null,\"contactPerson4Valid\":0,\"isMain\":0,\"isValid\":1,\"createdDate\":\"2018-04-06T06:14:02.000Z\",\"updatedDate\":\"2018-04-17T00:56:22.000Z\",\"sez\":1,\"city\":\"Kolkata\",\"state\":\"West Bengal\",\"pincode\":\"700000\"},{\"cid\":12,\"customerId\":3,\"address\":\"gg 2/3 ggstreet\",\"gstValue\":\"5reher\",\"contactPerson1\":\"gg Kumargg\",\"contactNumber1\":\"98352766\",\"email1\":\"gg@yahoo.got\",\"contactPerson1Valid\":0,\"contactPerson2\":null,\"contactNumber2\":null,\"email2\":null,\"contactPerson2Valid\":0,\"contactPerson3\":null,\"contactNumber3\":null,\"email3\":null,\"contactPerson3Valid\":0,\"contactPerson4\":null,\"contactNumber4\":null,\"email4\":null,\"contactPerson4Valid\":0,\"isMain\":0,\"isValid\":1,\"createdDate\":\"2018-04-06T06:14:02.000Z\",\"updatedDate\":\"2018-04-17T00:56:22.000Z\",\"sez\":1,\"city\":\"Kolkata\",\"state\":\"West Bengal\",\"pincode\":\"800000\"},{\"cid\":13,\"customerId\":4,\"address\":\"d chuchura\",\"gstValue\":\"d12456gg\",\"contactPerson1\":\"Meghnad\",\"contactNumber1\":\"1125390234\",\"email1\":\"dig@gmail.com\",\"contactPerson1Valid\":0,\"contactPerson2\":null,\"contactNumber2\":null,\"email2\":null,\"contactPerson2Valid\":0,\"contactPerson3\":null,\"contactNumber3\":null,\"email3\":null,\"contactPerson3Valid\":0,\"contactPerson4\":null,\"contactNumber4\":null,\"email4\":null,\"contactPerson4Valid\":0,\"isMain\":0,\"isValid\":0,\"createdDate\":\"2018-04-16T12:02:43.000Z\",\"updatedDate\":\"2018-04-17T00:19:06.000Z\",\"sez\":0,\"city\":\"Kolkata\",\"state\":\"West Bengal\",\"pincode\":\"700989\"},{\"cid\":14,\"customerId\":4,\"address\":\"d naihati\",\"gstValue\":\"df34987\",\"contactPerson1\":\"Ritaraj\",\"contactNumber1\":\"1123456700\",\"email1\":\"dig@yahoo.in\",\"contactPerson1Valid\":0,\"contactPerson2\":null,\"contactNumber2\":null,\"email2\":null,\"contactPerson2Valid\":0,\"contactPerson3\":null,\"contactNumber3\":null,\"email3\":null,\"contactPerson3Valid\":0,\"contactPerson4\":null,\"contactNumber4\":null,\"email4\":null,\"contactPerson4Valid\":0,\"isMain\":0,\"isValid\":1,\"createdDate\":\"2018-04-16T12:02:43.000Z\",\"updatedDate\":\"2018-04-17T00:19:06.000Z\",\"sez\":1,\"city\":\"Naihati\",\"state\":\"West Bengal\",\"pincode\":\"700989\"},{\"cid\":15,\"customerId\":4,\"address\":\"d kolkata\",\"gstValue\":\"dh1233\",\"contactPerson1\":\"Ian\",\"contactNumber1\":\"11003562\",\"email1\":\"d@gmail.com\",\"contactPerson1Valid\":0,\"contactPerson2\":null,\"contactNumber2\":null,\"email2\":null,\"contactPerson2Valid\":0,\"contactPerson3\":null,\"contactNumber3\":null,\"email3\":null,\"contactPerson3Valid\":0,\"contactPerson4\":null,\"contactNumber4\":null,\"email4\":null,\"contactPerson4Valid\":0,\"isMain\":1,\"isValid\":1,\"createdDate\":\"2018-04-16T12:18:10.000Z\",\"updatedDate\":\"2018-04-17T00:19:06.000Z\",\"sez\":0,\"city\":\"Kolkata\",\"state\":\"West Bengal\",\"pincode\":\"700989\"},{\"cid\":16,\"customerId\":5,\"address\":\"b25/5 taltala\",\"gstValue\":\"fgdj34d\",\"contactPerson1\":\"Soham Rana\",\"contactNumber1\":\"1234054311\",\"email1\":\"am@yahoo.lk\",\"contactPerson1Valid\":0,\"contactPerson2\":null,\"contactNumber2\":null,\"email2\":null,\"contactPerson2Valid\":0,\"contactPerson3\":null,\"contactNumber3\":null,\"email3\":null,\"contactPerson3Valid\":0,\"contactPerson4\":null,\"contactNumber4\":null,\"email4\":null,\"contactPerson4Valid\":0,\"isMain\":0,\"isValid\":1,\"createdDate\":\"2018-04-17T00:32:31.000Z\",\"updatedDate\":\"2018-04-17T00:55:08.000Z\",\"sez\":0,\"city\":\"Kolkata\",\"state\":\"West Bengal\",\"pincode\":\"111111\"},{\"cid\":17,\"customerId\":5,\"address\":\"b rajdanga\",\"gstValue\":\"dfgj34\",\"contactPerson1\":\"Diganta\",\"contactNumber1\":\"1297462923\",\"email1\":\"am@yahoo.lk\",\"contactPerson1Valid\":0,\"contactPerson2\":null,\"contactNumber2\":null,\"email2\":null,\"contactPerson2Valid\":0,\"contactPerson3\":null,\"contactNumber3\":null,\"email3\":null,\"contactPerson3Valid\":0,\"contactPerson4\":null,\"contactNumber4\":null,\"email4\":null,\"contactPerson4Valid\":0,\"isMain\":1,\"isValid\":1,\"createdDate\":\"2018-04-17T00:32:31.000Z\",\"updatedDate\":\"2018-04-17T00:55:08.000Z\",\"sez\":1,\"city\":\"Kolkata\",\"state\":\"West Bengal\",\"pincode\":\"777777\"},{\"cid\":18,\"customerId\":6,\"address\":\"sdf building\",\"gstValue\":\"d234\",\"contactPerson1\":\"James\",\"contactNumber1\":\"12340765\",\"email1\":\"df@gmail.in\",\"contactPerson1Valid\":0,\"contactPerson2\":null,\"contactNumber2\":null,\"email2\":null,\"contactPerson2Valid\":0,\"contactPerson3\":null,\"contactNumber3\":null,\"email3\":null,\"contactPerson3Valid\":0,\"contactPerson4\":null,\"contactNumber4\":null,\"email4\":null,\"contactPerson4Valid\":0,\"isMain\":1,\"isValid\":1,\"createdDate\":\"2018-04-17T01:30:47.000Z\",\"updatedDate\":\"2018-04-24T06:30:45.000Z\",\"sez\":0,\"city\":\"Kolkata\",\"state\":\"West Bengal\",\"pincode\":\"700100\"},{\"cid\":19,\"customerId\":6,\"address\":\"1\",\"gstValue\":\"1\",\"contactPerson1\":\"1\",\"contactNumber1\":\"1\",\"email1\":\"1\",\"contactPerson1Valid\":1,\"contactPerson2\":\"1\",\"contactNumber2\":\"1\",\"email2\":\"1\",\"contactPerson2Valid\":1,\"contactPerson3\":\"1\",\"contactNumber3\":\"1\",\"email3\":\"1\",\"contactPerson3Valid\":1,\"contactPerson4\":\"1\",\"contactNumber4\":\"1\",\"email4\":\"1\",\"contactPerson4Valid\":1,\"isMain\":1,\"isValid\":1,\"createdDate\":\"2018-04-24T03:24:06.000Z\",\"updatedDate\":\"2018-04-24T06:30:45.000Z\",\"sez\":1,\"city\":\"1\",\"state\":\"1\",\"pincode\":\"1\"},{\"cid\":20,\"customerId\":14,\"address\":\"batman 1\",\"gstValue\":\"b111\",\"contactPerson1\":\"robin\",\"contactNumber1\":\"1234560932\",\"email1\":\"bat@yahoo.big\",\"contactPerson1Valid\":1,\"contactPerson2\":\"batboy\",\"contactNumber2\":\"11111122\",\"email2\":\"bb@yahoo.bat\",\"contactPerson2Valid\":1,\"contactPerson3\":\"\",\"contactNumber3\":\"\",\"email3\":\"\",\"contactPerson3Valid\":0,\"contactPerson4\":\"\",\"contactNumber4\":\"\",\"email4\":\"\",\"contactPerson4Valid\":0,\"isMain\":0,\"isValid\":0,\"createdDate\":\"2018-04-24T05:14:08.000Z\",\"updatedDate\":\"2018-05-01T09:41:17.000Z\",\"sez\":0,\"city\":\"Gotham\",\"state\":\"WB\",\"pincode\":\"123456\"},{\"cid\":21,\"customerId\":14,\"address\":\"batman 2\",\"gstValue\":\"b222\",\"contactPerson1\":\"super\",\"contactNumber1\":\"11220946\",\"email1\":\"b1@yahoo.sp\",\"contactPerson1Valid\":1,\"contactPerson2\":\"batbb\",\"contactNumber2\":\"89752697\",\"email2\":\"hjds@yahoo.in\",\"contactPerson2Valid\":1,\"contactPerson3\":\"batuu\",\"contactNumber3\":\"54532212\",\"email3\":\"fh@yahoo.rim\",\"contactPerson3Valid\":1,\"contactPerson4\":\"\",\"contactNumber4\":\"\",\"email4\":\"\",\"contactPerson4Valid\":0,\"isMain\":0,\"isValid\":1,\"createdDate\":\"2018-04-24T05:14:08.000Z\",\"updatedDate\":\"2018-05-01T09:41:17.000Z\",\"sez\":1,\"city\":\"star\",\"state\":\"wb\",\"pincode\":\"111222\"},{\"cid\":22,\"customerId\":14,\"address\":\"batman 3\",\"gstValue\":\"b333\",\"contactPerson1\":\"arrow\",\"contactNumber1\":\"73643873\",\"email1\":\"bg@yahoo.ar\",\"contactPerson1Valid\":1,\"contactPerson2\":\"bbyy\",\"contactNumber2\":\"24657823\",\"email2\":\"gs@yahoo.in\",\"contactPerson2Valid\":1,\"contactPerson3\":\"shmg\",\"contactNumber3\":\"62527878\",\"email3\":\"hgsg@yahoo.dim\",\"contactPerson3Valid\":1,\"contactPerson4\":\"nihgd\",\"contactNumber4\":\"65783343\",\"email4\":\"ghgdah@yahoo.in\",\"contactPerson4Valid\":1,\"isMain\":1,\"isValid\":1,\"createdDate\":\"2018-04-24T05:14:08.000Z\",\"updatedDate\":\"2018-05-01T09:41:17.000Z\",\"sez\":0,\"city\":\"gotham\",\"state\":\"wb\",\"pincode\":\"123098\"},{\"cid\":24,\"customerId\":14,\"address\":\"batman 4\",\"gstValue\":\"b444\",\"contactPerson1\":\"lantern\",\"contactNumber1\":\"35546834\",\"email1\":\"su@yahoo.ln\",\"contactPerson1Valid\":1,\"contactPerson2\":\"ghter\",\"contactNumber2\":\"1233476543\",\"email2\":\"fds@yahoo.in\",\"contactPerson2Valid\":1,\"contactPerson3\":\"qee@yahoo.ui\",\"contactNumber3\":\"3435467896\",\"email3\":\"sds@yahoo.lim\",\"contactPerson3Valid\":1,\"contactPerson4\":\"\",\"contactNumber4\":\"\",\"email4\":\"gg@yahoo.gog3\",\"contactPerson4Valid\":0,\"isMain\":0,\"isValid\":1,\"createdDate\":\"2018-04-24T05:32:15.000Z\",\"updatedDate\":\"2018-05-01T09:41:17.000Z\",\"sez\":1,\"city\":\"ggbat\",\"state\":\"gg\",\"pincode\":\"123997\"},{\"cid\":25,\"customerId\":15,\"address\":\"A-68 Brahmapur South\",\"gstValue\":\"NA\",\"contactPerson1\":\"Manidipa Das\",\"contactNumber1\":\"8584921820\",\"email1\":\"manidipadas09@gmail.com\",\"contactPerson1Valid\":1,\"contactPerson2\":\"\",\"contactNumber2\":\"\",\"email2\":\"\",\"contactPerson2Valid\":1,\"contactPerson3\":\"\",\"contactNumber3\":\"\",\"email3\":\"\",\"contactPerson3Valid\":1,\"contactPerson4\":\"\",\"contactNumber4\":\"\",\"email4\":\"\",\"contactPerson4Valid\":1,\"isMain\":1,\"isValid\":1,\"createdDate\":\"2018-05-02T01:04:01.000Z\",\"updatedDate\":\"2018-05-02T01:10:45.000Z\",\"sez\":0,\"city\":\"KOLKATA\",\"state\":\"NEAR KHEYALI SANGHA KHELAR (PLAY GROUND) MATH\",\"pincode\":\"700096\"},{\"cid\":26,\"customerId\":16,\"address\":\"A-68 Brahmapur South\",\"gstValue\":\"NA\",\"contactPerson1\":\"Manidipa Das\",\"contactNumber1\":\"8584921820\",\"email1\":\"manidipadas09@gmail.com\",\"contactPerson1Valid\":1,\"contactPerson2\":\"\",\"contactNumber2\":\"\",\"email2\":\"\",\"contactPerson2Valid\":1,\"contactPerson3\":\"\",\"contactNumber3\":\"\",\"email3\":\"\",\"contactPerson3Valid\":1,\"contactPerson4\":\"\",\"contactNumber4\":\"\",\"email4\":\"\",\"contactPerson4Valid\":1,\"isMain\":1,\"isValid\":1,\"createdDate\":\"2018-05-02T01:04:04.000Z\",\"updatedDate\":\"2018-05-02T01:04:04.000Z\",\"sez\":0,\"city\":\"KOLKATA\",\"state\":\"NEAR KHEYALI SANGHA KHELAR (PLAY GROUND) MATH\",\"pincode\":\"700096\"},{\"cid\":27,\"customerId\":17,\"address\":\"A-68 Brahmapur South\",\"gstValue\":\"NA\",\"contactPerson1\":\"Manidipa Das\",\"contactNumber1\":\"8584921820\",\"email1\":\"manidipadas09@gmail.com\",\"contactPerson1Valid\":1,\"contactPerson2\":\"\",\"contactNumber2\":\"\",\"email2\":\"\",\"contactPerson2Valid\":1,\"contactPerson3\":\"\",\"contactNumber3\":\"\",\"email3\":\"\",\"contactPerson3Valid\":1,\"contactPerson4\":\"\",\"contactNumber4\":\"\",\"email4\":\"\",\"contactPerson4Valid\":1,\"isMain\":1,\"isValid\":1,\"createdDate\":\"2018-05-02T01:04:15.000Z\",\"updatedDate\":\"2018-05-02T01:04:15.000Z\",\"sez\":0,\"city\":\"KOLKATA\",\"state\":\"NEAR KHEYALI SANGHA KHELAR (PLAY GROUND) MATH\",\"pincode\":\"700096\"},{\"cid\":28,\"customerId\":18,\"address\":\"A-68 Brahmapur South\",\"gstValue\":\"NA\",\"contactPerson1\":\"Manidipa Das\",\"contactNumber1\":\"8584921820\",\"email1\":\"manidipadas09@gmail.com\",\"contactPerson1Valid\":1,\"contactPerson2\":\"\",\"contactNumber2\":\"\",\"email2\":\"\",\"contactPerson2Valid\":1,\"contactPerson3\":\"\",\"contactNumber3\":\"\",\"email3\":\"\",\"contactPerson3Valid\":1,\"contactPerson4\":\"\",\"contactNumber4\":\"\",\"email4\":\"\",\"contactPerson4Valid\":1,\"isMain\":1,\"isValid\":1,\"createdDate\":\"2018-05-02T01:04:16.000Z\",\"updatedDate\":\"2018-05-02T01:04:16.000Z\",\"sez\":0,\"city\":\"KOLKATA\",\"state\":\"NEAR KHEYALI SANGHA KHELAR (PLAY GROUND) MATH\",\"pincode\":\"700096\"},{\"cid\":29,\"customerId\":19,\"address\":\"A-68 Brahmapur South\",\"gstValue\":\"NA\",\"contactPerson1\":\"Manidipa Das\",\"contactNumber1\":\"8584921820\",\"email1\":\"manidipadas09@gmail.com\",\"contactPerson1Valid\":1,\"contactPerson2\":\"\",\"contactNumber2\":\"\",\"email2\":\"\",\"contactPerson2Valid\":1,\"contactPerson3\":\"\",\"contactNumber3\":\"\",\"email3\":\"\",\"contactPerson3Valid\":1,\"contactPerson4\":\"\",\"contactNumber4\":\"\",\"email4\":\"\",\"contactPerson4Valid\":1,\"isMain\":1,\"isValid\":1,\"createdDate\":\"2018-05-02T01:04:16.000Z\",\"updatedDate\":\"2018-05-02T01:04:16.000Z\",\"sez\":0,\"city\":\"KOLKATA\",\"state\":\"NEAR KHEYALI SANGHA KHELAR (PLAY GROUND) MATH\",\"pincode\":\"700096\"},{\"cid\":30,\"customerId\":20,\"address\":\"A-68 Brahmapur South\",\"gstValue\":\"NA\",\"contactPerson1\":\"Manidipa Das\",\"contactNumber1\":\"8584921820\",\"email1\":\"manidipadas09@gmail.com\",\"contactPerson1Valid\":1,\"contactPerson2\":\"\",\"contactNumber2\":\"\",\"email2\":\"\",\"contactPerson2Valid\":1,\"contactPerson3\":\"\",\"contactNumber3\":\"\",\"email3\":\"\",\"contactPerson3Valid\":1,\"contactPerson4\":\"\",\"contactNumber4\":\"\",\"email4\":\"\",\"contactPerson4Valid\":1,\"isMain\":1,\"isValid\":1,\"createdDate\":\"2018-05-02T01:04:16.000Z\",\"updatedDate\":\"2018-05-02T01:04:16.000Z\",\"sez\":0,\"city\":\"KOLKATA\",\"state\":\"NEAR KHEYALI SANGHA KHELAR (PLAY GROUND) MATH\",\"pincode\":\"700096\"},{\"cid\":31,\"customerId\":15,\"address\":\"c-106\\nBRAHMAPUR SOUTH , KOLKATA\",\"gstValue\":\"NA\",\"contactPerson1\":\"swarnendu\",\"contactNumber1\":\"8240803696\",\"email1\":\"swar@gmail.com\",\"contactPerson1Valid\":1,\"contactPerson2\":\"\",\"contactNumber2\":\"\",\"email2\":\"\",\"contactPerson2Valid\":1,\"contactPerson3\":\"\",\"contactNumber3\":\"\",\"email3\":\"\",\"contactPerson3Valid\":1,\"contactPerson4\":\"\",\"contactNumber4\":\"\",\"email4\":\"\",\"contactPerson4Valid\":1,\"isMain\":0,\"isValid\":1,\"createdDate\":\"2018-05-02T01:22:33.000Z\",\"updatedDate\":\"2018-05-02T01:22:33.000Z\",\"sez\":0,\"city\":\"KOLKATA\",\"state\":\"west bengal\",\"pincode\":\"700084\"},{\"cid\":32,\"customerId\":15,\"address\":\"Garia\",\"gstValue\":\"NA\",\"contactPerson1\":\"Subham\",\"contactNumber1\":\"1234567890\",\"email1\":\"su@gmail.com\",\"contactPerson1Valid\":1,\"contactPerson2\":\"\",\"contactNumber2\":\"\",\"email2\":\"\",\"contactPerson2Valid\":1,\"contactPerson3\":\"\",\"contactNumber3\":\"\",\"email3\":\"\",\"contactPerson3Valid\":1,\"contactPerson4\":\"\",\"contactNumber4\":\"\",\"email4\":\"\",\"contactPerson4Valid\":1,\"isMain\":1,\"isValid\":1,\"createdDate\":\"2018-05-02T01:37:31.000Z\",\"updatedDate\":\"2018-05-02T01:37:31.000Z\",\"sez\":0,\"city\":\"KOLKATA\",\"state\":\"west bengal\",\"pincode\":\"700001\"},{\"cid\":33,\"customerId\":15,\"address\":\"Garia\",\"gstValue\":\"NA\",\"contactPerson1\":\"Subham\",\"contactNumber1\":\"1234567890\",\"email1\":\"suham@gmail.com\",\"contactPerson1Valid\":1,\"contactPerson2\":\"\",\"contactNumber2\":\"\",\"email2\":\"\",\"contactPerson2Valid\":1,\"contactPerson3\":\"\",\"contactNumber3\":\"\",\"email3\":\"\",\"contactPerson3Valid\":1,\"contactPerson4\":\"\",\"contactNumber4\":\"\",\"email4\":\"\",\"contactPerson4Valid\":1,\"isMain\":1,\"isValid\":1,\"createdDate\":\"2018-05-02T01:38:10.000Z\",\"updatedDate\":\"2018-05-02T01:38:10.000Z\",\"sez\":0,\"city\":\"KOLKATA\",\"state\":\"west bengal\",\"pincode\":\"700001\"},{\"cid\":34,\"customerId\":21,\"address\":\"Jhargram\",\"gstValue\":\"NA\",\"contactPerson1\":\"Trisha Ghosh\",\"contactNumber1\":\"1234567356\",\"email1\":\"su@gmail.com\",\"contactPerson1Valid\":1,\"contactPerson2\":\"\",\"contactNumber2\":\"1234567\",\"email2\":\"\",\"contactPerson2Valid\":1,\"contactPerson3\":\"\",\"contactNumber3\":\"\",\"email3\":\"\",\"contactPerson3Valid\":1,\"contactPerson4\":\"\",\"contactNumber4\":\"\",\"email4\":\"\",\"contactPerson4Valid\":1,\"isMain\":0,\"isValid\":1,\"createdDate\":\"2018-05-02T01:44:05.000Z\",\"updatedDate\":\"2018-05-02T01:44:05.000Z\",\"sez\":0,\"city\":\"KOLKATA\",\"state\":\"west bengal\",\"pincode\":\"700001\"},{\"cid\":35,\"customerId\":22,\"address\":\"Jhargram\",\"gstValue\":\"NA\",\"contactPerson1\":\"Trisha Ghosh\",\"contactNumber1\":\"3214569872\",\"email1\":\"su@gmail.com\",\"contactPerson1Valid\":1,\"contactPerson2\":\"\",\"contactNumber2\":\"1234567\",\"email2\":\"\",\"contactPerson2Valid\":1,\"contactPerson3\":\"\",\"contactNumber3\":\"\",\"email3\":\"\",\"contactPerson3Valid\":1,\"contactPerson4\":\"\",\"contactNumber4\":\"\",\"email4\":\"\",\"contactPerson4Valid\":1,\"isMain\":0,\"isValid\":1,\"createdDate\":\"2018-05-02T01:44:35.000Z\",\"updatedDate\":\"2018-05-02T01:44:35.000Z\",\"sez\":0,\"city\":\"KOLKATA\",\"state\":\"west bengal\",\"pincode\":\"700001\"},{\"cid\":36,\"customerId\":23,\"address\":\"Jhargram\",\"gstValue\":\"NA\",\"contactPerson1\":\"Trisha Ghosh\",\"contactNumber1\":\"3214569872\",\"email1\":\"tri@gmail.com\",\"contactPerson1Valid\":1,\"contactPerson2\":\"\",\"contactNumber2\":\"1234567\",\"email2\":\"\",\"contactPerson2Valid\":1,\"contactPerson3\":\"\",\"contactNumber3\":\"\",\"email3\":\"\",\"contactPerson3Valid\":1,\"contactPerson4\":\"\",\"contactNumber4\":\"\",\"email4\":\"\",\"contactPerson4Valid\":1,\"isMain\":0,\"isValid\":1,\"createdDate\":\"2018-05-02T01:45:00.000Z\",\"updatedDate\":\"2018-05-02T01:45:00.000Z\",\"sez\":0,\"city\":\"KOLKATA\",\"state\":\"west bengal\",\"pincode\":\"700001\"},{\"cid\":37,\"customerId\":24,\"address\":\"maldah\",\"gstValue\":\"5\",\"contactPerson1\":\"swarnendu basak\",\"contactNumber1\":\"1234567895\",\"email1\":\"swar@gmail.com\",\"contactPerson1Valid\":1,\"contactPerson2\":\"\",\"contactNumber2\":\"\",\"email2\":\"\",\"contactPerson2Valid\":1,\"contactPerson3\":\"\",\"contactNumber3\":\"\",\"email3\":\"\",\"contactPerson3Valid\":1,\"contactPerson4\":\"\",\"contactNumber4\":\"\",\"email4\":\"\",\"contactPerson4Valid\":1,\"isMain\":1,\"isValid\":1,\"createdDate\":\"2018-05-03T04:34:34.000Z\",\"updatedDate\":\"2018-05-03T04:38:13.000Z\",\"sez\":0,\"city\":\"maldah\",\"state\":\"west bengal\",\"pincode\":\"732101\"},{\"cid\":38,\"customerId\":24,\"address\":\"6/7 kalimuddin sarkar lane\",\"gstValue\":\"na\",\"contactPerson1\":\"swarnendu\",\"contactNumber1\":\"9933352411\",\"email1\":\"swarneneub43@gmail.com\",\"contactPerson1Valid\":1,\"contactPerson2\":\"\",\"contactNumber2\":\"\",\"email2\":\"\",\"contactPerson2Valid\":1,\"contactPerson3\":\"\",\"contactNumber3\":\"\",\"email3\":\"\",\"contactPerson3Valid\":1,\"contactPerson4\":\"\",\"contactNumber4\":\"\",\"email4\":\"\",\"contactPerson4Valid\":1,\"isMain\":0,\"isValid\":1,\"createdDate\":\"2018-05-03T04:39:53.000Z\",\"updatedDate\":\"2018-05-03T04:39:53.000Z\",\"sez\":1,\"city\":\"kolkata\",\"state\":\"west bengal\",\"pincode\":\"700015\"}],\"ueaNumber\":\"\",\"po\":\"\",\"poReference\":\"\",\"cnNumber\":\"\",\"deliveryPerson\":\"\",\"comment\":\"\",\"selectedBranch\":\"\",\"customerOptions\":[{\"key\":1,\"value\":1,\"text\":\"Avilash Kumar(Previously known as Avilash Chatterjee)\"},{\"key\":2,\"value\":2,\"text\":\"Ritaraj Pal(Previously known as Ritaraj Dutta)\"},{\"key\":3,\"value\":3,\"text\":\"Meghnad Das(Previously known as Meghnad Das)\"},{\"key\":4,\"value\":4,\"text\":\"Diganta Das(Previously known as Diganta Datta)\"},{\"key\":5,\"value\":5,\"text\":\"Amarjit Sen(Previously known as Amarjit Das)\"},{\"key\":6,\"value\":6,\"text\":\"Ibm Pvt Ltd(Previously known as Ibm)\"},{\"key\":14,\"value\":14,\"text\":\"Batman\"},{\"key\":15,\"value\":15,\"text\":\"Manidipa Das\"},{\"key\":16,\"value\":16,\"text\":\"Manidipa Das\"},{\"key\":17,\"value\":17,\"text\":\"Manidipa Das\"},{\"key\":18,\"value\":18,\"text\":\"Manidipa Das\"},{\"key\":19,\"value\":19,\"text\":\"Manidipa Das\"},{\"key\":20,\"value\":20,\"text\":\"Manidipa Das\"},{\"key\":21,\"value\":21,\"text\":\"Trisha Ghosh\"},{\"key\":22,\"value\":22,\"text\":\"Trisha Ghosh\"},{\"key\":23,\"value\":23,\"text\":\"Trisha Ghosh\"},{\"key\":24,\"value\":24,\"text\":\"Swarnendu Basak\"}],\"locationOptions\":[{\"key\":2,\"value\":2,\"text\":\"b infinity, Kolkata, West Bengal\"},{\"key\":3,\"value\":3,\"text\":\"b 25 park street, Kolkata, West Bengal\"}],\"challanOptions\":[{\"key\":\"0\",\"value\":\"0\",\"text\":\"N/A\"},{\"key\":17,\"value\":17,\"text\":17},{\"key\":18,\"value\":18,\"text\":18},{\"key\":1,\"value\":1,\"text\":1}],\"selectedCustomerDetails\":{\"cName\":\"Avilash Kumar\",\"panNo\":\"as12as\",\"cid\":2,\"customerId\":1,\"address\":\"b infinity\",\"gstValue\":\"NA\",\"contactPerson1\":\"Amarjit Ghosh\",\"contactNumber1\":\"77777777\",\"email1\":\"df7@yahoo.in\",\"contactPerson1Valid\":0,\"contactPerson2\":null,\"contactNumber2\":null,\"email2\":null,\"contactPerson2Valid\":0,\"contactPerson3\":null,\"contactNumber3\":null,\"email3\":null,\"contactPerson3Valid\":0,\"contactPerson4\":null,\"contactNumber4\":null,\"email4\":null,\"contactPerson4Valid\":0,\"isMain\":0,\"isValid\":1,\"createdDate\":\"2018-04-04T07:18:46.000Z\",\"updatedDate\":\"2018-04-17T00:48:46.000Z\",\"sez\":0,\"city\":\"Kolkata\",\"state\":\"West Bengal\",\"pincode\":\"700010\"},\"rentStartDate\":\"2018-05-04T05:26:53.644Z\",\"printChallan\":false,\"selectedContactPerson\":null,\"selectedContactNumber\":null,\"selectedEmail\":null,\"selectedChallanType\":\"rental\"}','2018-05-04 05:26:57','2018-05-04 05:26:57');
/*!40000 ALTER TABLE `challan_draft` ENABLE KEYS */;
UNLOCK TABLES;

--
-- Table structure for table `customer`
--

DROP TABLE IF EXISTS `customer`;
/*!40101 SET @saved_cs_client     = @@character_set_client */;
/*!40101 SET character_set_client = utf8 */;
CREATE TABLE `customer` (
  `Customer_Id` int(11) NOT NULL AUTO_INCREMENT,
  `CName` varchar(100) NOT NULL,
  `updated_date` timestamp NOT NULL DEFAULT CURRENT_TIMESTAMP ON UPDATE CURRENT_TIMESTAMP,
  `created_date` timestamp NOT NULL DEFAULT '0000-00-00 00:00:00',
  `Previously_Known_As` varchar(100) DEFAULT NULL,
  `Pan_No` varchar(45) NOT NULL,
  `Comments` varchar(200) DEFAULT NULL,
  PRIMARY KEY (`Customer_Id`)
) ENGINE=InnoDB AUTO_INCREMENT=25 DEFAULT CHARSET=utf8;
/*!40101 SET character_set_client = @saved_cs_client */;

--
-- Dumping data for table `customer`
--

LOCK TABLES `customer` WRITE;
/*!40000 ALTER TABLE `customer` DISABLE KEYS */;
INSERT INTO `customer` VALUES (1,'Avilash Kumar','2018-04-17 05:48:46','2018-04-04 12:18:46','Avilash Chatterjee','as12as','First Customer ,First Customer ,First Customer ,First Customer ,First Customer ,First Customer ,First Customer ,First Customer'),(2,'Ritaraj Pal','2018-04-17 05:58:56','2018-04-04 12:25:28','Ritaraj Dutta','adwe12','Second Customer ,First Change ,Hello World ,GGG'),(3,'Meghnad Das','2018-04-17 05:56:21','2018-04-05 06:05:33','Meghnad Das','11qwsd','Third Customer  ,Third Customer  ,Third Customer  ,Third Customer  ,'),(4,'Diganta Das','2018-04-17 05:19:06','2018-04-16 17:02:43','Diganta Datta','d-123','Named as Dutta ,Renamed to Datta ,Named as Dutta ,Renamed to Datta ,Customer He He'),(5,'Amarjit Sen','2018-04-17 05:55:08','2018-04-17 05:32:31','Amarjit Das','d1234','Fifth Customer ,RCCIIT Student ,Fifth Customer ,RCCIIT Student ,Fifth Customer ,RCCIIT Student ,Fifth Customer ,RCCIIT Student'),(6,'Ibm Pvt Ltd','2018-04-24 11:30:45','2018-04-17 06:30:47','Ibm','i123','Test Customer ,Test Customer  ,Test Customer ,Test Customer'),(14,'Batman','2018-05-01 14:41:17','2018-04-24 10:14:08',NULL,'batpan123','Gotham Rocks  ,DC bad  ,Gotham Rocks  ,DC bad  ,Gotham Rocks  ,DC bad  ,Gotham Rocks  ,DC bad  ,Gotham Rocks  ,DC bad  ,Gotham Rocks  ,DC bad  ,Gotham Rocks  ,DC bad  ,Gotham Rocks  ,DC bad  ,Gotham R'),(15,'Manidipa Das','2018-05-02 06:10:45','2018-05-02 06:04:01',NULL,'mani09oct','  ,  ,'),(16,'Manidipa Das','2018-05-02 06:04:04','2018-05-02 06:04:04',NULL,'mani09oct',''),(17,'Manidipa Das','2018-05-02 06:04:15','2018-05-02 06:04:15',NULL,'mani09oct',''),(18,'Manidipa Das','2018-05-02 06:04:16','2018-05-02 06:04:16',NULL,'mani09oct',''),(19,'Manidipa Das','2018-05-02 06:04:16','2018-05-02 06:04:16',NULL,'mani09oct',''),(20,'Manidipa Das','2018-05-02 06:04:16','2018-05-02 06:04:16',NULL,'mani09oct',''),(21,'Trisha Ghosh','2018-05-02 06:44:05','2018-05-02 06:44:05',NULL,'tri45gh',''),(22,'Trisha Ghosh','2018-05-02 06:44:35','2018-05-02 06:44:35',NULL,'tri45gh',''),(23,'Trisha Ghosh','2018-05-02 06:45:00','2018-05-02 06:45:00',NULL,'tri45gh',''),(24,'Swarnendu Basak','2018-05-03 09:38:13','2018-05-03 09:34:33',NULL,'swar123bs','studet of rcciit  ,studet of rcciit  ,studet of rcciit  ,studet of rcciit  ,studet of rcciit  ,studet of rcciit  ,studet of rcciit  ,studet of rcciit');
/*!40000 ALTER TABLE `customer` ENABLE KEYS */;
UNLOCK TABLES;

--
-- Table structure for table `customer_financial`
--

DROP TABLE IF EXISTS `customer_financial`;
/*!40101 SET @saved_cs_client     = @@character_set_client */;
/*!40101 SET character_set_client = utf8 */;
CREATE TABLE `customer_financial` (
  `Account_Id` int(11) NOT NULL AUTO_INCREMENT,
  `Customer_Detail_Id` int(11) NOT NULL,
  `Account_Number` varchar(50) DEFAULT NULL,
  `IFSC_Code` varchar(50) DEFAULT NULL,
  `Bank_Name` varchar(50) DEFAULT NULL,
  `Account_Name` varchar(50) DEFAULT NULL,
  `GST_Details` varchar(50) NOT NULL,
  `HSN_Code` varchar(50) DEFAULT NULL,
  `SAC_Code` varchar(50) DEFAULT NULL,
  `created_date` timestamp NOT NULL DEFAULT '0000-00-00 00:00:00',
  `updated_date` timestamp NOT NULL DEFAULT CURRENT_TIMESTAMP ON UPDATE CURRENT_TIMESTAMP,
  PRIMARY KEY (`Account_Id`)
) ENGINE=InnoDB DEFAULT CHARSET=utf8;
/*!40101 SET character_set_client = @saved_cs_client */;

--
-- Dumping data for table `customer_financial`
--

LOCK TABLES `customer_financial` WRITE;
/*!40000 ALTER TABLE `customer_financial` DISABLE KEYS */;
/*!40000 ALTER TABLE `customer_financial` ENABLE KEYS */;
UNLOCK TABLES;

--
-- Table structure for table `customer_location_contacts`
--

DROP TABLE IF EXISTS `customer_location_contacts`;
/*!40101 SET @saved_cs_client     = @@character_set_client */;
/*!40101 SET character_set_client = utf8 */;
CREATE TABLE `customer_location_contacts` (
  `customer_location_contact_id` int(11) NOT NULL,
  `customer_location_contact_name` varchar(145) NOT NULL,
  `customer_location_address_id` int(11) NOT NULL,
  `customer_location_contact_department_id` int(11) NOT NULL,
  `customer_location_contact_status` int(11) NOT NULL,
  `customer_location_primary_contact` varchar(45) NOT NULL,
  `customer_location_alternate_contact` varchar(45) DEFAULT NULL,
  `customer_location_contact_email` varchar(145) NOT NULL,
  `customer_location_contact_secondary_email` varchar(145) DEFAULT NULL,
  PRIMARY KEY (`customer_location_contact_id`)
) ENGINE=InnoDB DEFAULT CHARSET=utf8;
/*!40101 SET character_set_client = @saved_cs_client */;

--
-- Dumping data for table `customer_location_contacts`
--

LOCK TABLES `customer_location_contacts` WRITE;
/*!40000 ALTER TABLE `customer_location_contacts` DISABLE KEYS */;
/*!40000 ALTER TABLE `customer_location_contacts` ENABLE KEYS */;
UNLOCK TABLES;

--
-- Table structure for table `customer_location_detail`
--

DROP TABLE IF EXISTS `customer_location_detail`;
/*!40101 SET @saved_cs_client     = @@character_set_client */;
/*!40101 SET character_set_client = utf8 */;
CREATE TABLE `customer_location_detail` (
  `Location_Detail_Id` int(11) NOT NULL AUTO_INCREMENT,
  `Customer_Id` int(11) NOT NULL,
  `Location` varchar(100) NOT NULL,
  `Contact_No` varchar(50) DEFAULT NULL,
  `Contact_person` varchar(100) NOT NULL,
  `Email` varchar(100) NOT NULL,
  `Address` text,
  `Address1` text,
  `Address2` text,
  `City` text,
  `State` text,
  `Pincode` text,
  `Bill_To_Address` text,
  `Bill_To_Address1` text,
  `Bill_To_Address2` text,
  `Ship_To_Address` text,
  `Ship_To_Address1` text,
  `Ship_To_Address2` text,
  `created_date` timestamp NOT NULL DEFAULT '0000-00-00 00:00:00',
  `updated_date` timestamp NOT NULL DEFAULT CURRENT_TIMESTAMP ON UPDATE CURRENT_TIMESTAMP,
  PRIMARY KEY (`Location_Detail_Id`)
) ENGINE=InnoDB DEFAULT CHARSET=utf8;
/*!40101 SET character_set_client = @saved_cs_client */;

--
-- Dumping data for table `customer_location_detail`
--

LOCK TABLES `customer_location_detail` WRITE;
/*!40000 ALTER TABLE `customer_location_detail` DISABLE KEYS */;
/*!40000 ALTER TABLE `customer_location_detail` ENABLE KEYS */;
UNLOCK TABLES;

--
-- Table structure for table `customer_location_master`
--

DROP TABLE IF EXISTS `customer_location_master`;
/*!40101 SET @saved_cs_client     = @@character_set_client */;
/*!40101 SET character_set_client = utf8 */;
CREATE TABLE `customer_location_master` (
  `CID` int(11) NOT NULL AUTO_INCREMENT,
  `Customer_Id` int(11) NOT NULL,
  `Address` varchar(200) NOT NULL,
  `GST_Value` varchar(45) DEFAULT NULL,
  `Contact_Person_1` varchar(45) NOT NULL,
  `Contact_Number_1` varchar(20) NOT NULL,
  `Email_1` varchar(45) NOT NULL,
  `Contact_Person_1_Valid` tinyint(4) NOT NULL,
  `Contact_Person_2` varchar(45) DEFAULT NULL,
  `Contact_Number_2` varchar(20) DEFAULT NULL,
  `Email_2` varchar(45) DEFAULT NULL,
  `Contact_Person_2_Valid` tinyint(4) NOT NULL,
  `Contact_Person_3` varchar(45) DEFAULT NULL,
  `Contact_Number_3` varchar(20) DEFAULT NULL,
  `Email_3` varchar(45) DEFAULT NULL,
  `Contact_Person_3_Valid` tinyint(4) NOT NULL,
  `Is_Main` tinyint(4) NOT NULL,
  `Is_Valid` tinyint(4) NOT NULL,
  `created_date` timestamp NOT NULL DEFAULT '0000-00-00 00:00:00',
  `updated_date` timestamp NOT NULL DEFAULT CURRENT_TIMESTAMP ON UPDATE CURRENT_TIMESTAMP,
  `SEZ` tinyint(4) NOT NULL,
  `City` varchar(45) DEFAULT NULL,
  `State` varchar(45) DEFAULT NULL,
  `Pincode` varchar(45) DEFAULT NULL,
  `Contact_Person_4_Valid` tinyint(4) NOT NULL,
  `Contact_Person_4` varchar(45) DEFAULT NULL,
  `Contact_Number_4` varchar(45) DEFAULT NULL,
  `Email_4` varchar(45) DEFAULT NULL,
  PRIMARY KEY (`CID`)
) ENGINE=InnoDB AUTO_INCREMENT=39 DEFAULT CHARSET=utf8;
/*!40101 SET character_set_client = @saved_cs_client */;

--
-- Dumping data for table `customer_location_master`
--

LOCK TABLES `customer_location_master` WRITE;
/*!40000 ALTER TABLE `customer_location_master` DISABLE KEYS */;
INSERT INTO `customer_location_master` VALUES (1,1,'b 25/5','2fhets','Ritaraj','11110001','df@yahoo.joe',0,NULL,NULL,NULL,0,NULL,NULL,NULL,0,0,0,'2018-04-04 12:18:46','2018-04-17 05:48:46',1,'Kolkata','West Bengal','700080',0,NULL,NULL,NULL),(2,1,'b infinity','NA','Amarjit Ghosh','77777777','df7@yahoo.in',0,NULL,NULL,NULL,0,NULL,NULL,NULL,0,0,1,'2018-04-04 12:18:46','2018-04-17 05:48:46',0,'Kolkata','West Bengal','700010',0,NULL,NULL,NULL),(3,1,'b 25 park street','NA','Goering','4444444444','as@yahoo.in',0,NULL,NULL,NULL,0,NULL,NULL,NULL,0,0,1,'2018-04-04 12:18:46','2018-04-17 05:35:02',0,'Kolkata','West Bengal','700090',0,NULL,NULL,NULL),(4,2,'5 Marine Drive','5fsjhfjsh','Diganta Dutta','66666666','jb@yahoo.in',0,NULL,NULL,NULL,0,NULL,NULL,NULL,0,0,1,'2018-04-04 12:25:28','2018-04-17 05:58:56',1,'Mumbai','Maharashtra','800000',0,NULL,NULL,NULL),(5,2,'5 demazio','sjhskj647s2','Dutta','11110001','df@yahoo.im',0,NULL,NULL,NULL,0,NULL,NULL,NULL,0,0,0,'2018-04-04 12:25:28','2018-04-17 05:58:56',0,'Kotla','Gujrat','800765',0,NULL,NULL,NULL),(6,2,'5 Return Street','NA','Amarjit','77777777','df7@yahoo.in',0,NULL,NULL,NULL,0,NULL,NULL,NULL,0,1,1,'2018-04-04 12:25:28','2018-04-17 05:58:56',0,'Kolkata','West Bengal','555643',0,NULL,NULL,NULL),(7,2,'1/3 Soham Street','8','Soham Rana','88888888','soh@yahoo.com',0,NULL,NULL,NULL,0,NULL,NULL,NULL,0,0,1,'2018-04-04 12:25:28','2018-04-17 05:58:56',1,'Kolkata','West Bengal','700010',0,NULL,NULL,NULL),(8,3,'23 rtf','2gdsgs6g','Joe Rogan','09812365','rt@yahoo.in',0,NULL,NULL,NULL,0,NULL,NULL,NULL,0,0,1,'2018-04-05 06:05:33','2018-04-17 05:56:21',1,'Kolkata','West Bengal','700101',0,NULL,NULL,NULL),(9,3,'2/5 we street','5wgerh','Ron Weasley','23667834','kjh@yahoo.rte',0,NULL,NULL,NULL,0,NULL,NULL,NULL,0,1,1,'2018-04-05 06:05:33','2018-04-17 05:56:21',1,'Kolkata','West Bengal','700123',0,NULL,NULL,NULL),(10,3,'4/3 rte avenue','5reht','Ruskin','4455667788','rte@yahoo.rte',0,NULL,NULL,NULL,0,NULL,NULL,NULL,0,0,0,'2018-04-05 06:05:33','2018-04-17 05:56:22',0,'Kolkata','West Bengal','700900',0,NULL,NULL,NULL),(11,3,'2/3 roger street','NA','Sen','09236482','gg@yahoo.gg',0,NULL,NULL,NULL,0,NULL,NULL,NULL,0,0,1,'2018-04-06 11:14:02','2018-04-17 05:56:22',1,'Kolkata','West Bengal','700000',0,NULL,NULL,NULL),(12,3,'gg 2/3 ggstreet','5reher','gg Kumargg','98352766','gg@yahoo.got',0,NULL,NULL,NULL,0,NULL,NULL,NULL,0,0,1,'2018-04-06 11:14:02','2018-04-17 05:56:22',1,'Kolkata','West Bengal','800000',0,NULL,NULL,NULL),(13,4,'d chuchura','d12456gg','Meghnad','1125390234','dig@gmail.com',0,NULL,NULL,NULL,0,NULL,NULL,NULL,0,0,0,'2018-04-16 17:02:43','2018-04-17 05:19:06',0,'Kolkata','West Bengal','700989',0,NULL,NULL,NULL),(14,4,'d naihati','df34987','Ritaraj','1123456700','dig@yahoo.in',0,NULL,NULL,NULL,0,NULL,NULL,NULL,0,0,1,'2018-04-16 17:02:43','2018-04-17 05:19:06',1,'Naihati','West Bengal','700989',0,NULL,NULL,NULL),(15,4,'d kolkata','dh1233','Ian','11003562','d@gmail.com',0,NULL,NULL,NULL,0,NULL,NULL,NULL,0,1,1,'2018-04-16 17:18:10','2018-04-17 05:19:06',0,'Kolkata','West Bengal','700989',0,NULL,NULL,NULL),(16,5,'b25/5 taltala','fgdj34d','Soham Rana','1234054311','am@yahoo.lk',0,NULL,NULL,NULL,0,NULL,NULL,NULL,0,0,1,'2018-04-17 05:32:31','2018-04-17 05:55:08',0,'Kolkata','West Bengal','111111',0,NULL,NULL,NULL),(17,5,'b rajdanga','dfgj34','Diganta','1297462923','am@yahoo.lk',0,NULL,NULL,NULL,0,NULL,NULL,NULL,0,1,1,'2018-04-17 05:32:31','2018-04-17 05:55:08',1,'Kolkata','West Bengal','777777',0,NULL,NULL,NULL),(18,6,'sdf building','d234','James','12340765','df@gmail.in',0,NULL,NULL,NULL,0,NULL,NULL,NULL,0,1,1,'2018-04-17 06:30:47','2018-04-24 11:30:45',0,'Kolkata','West Bengal','700100',0,NULL,NULL,NULL),(19,6,'1','1','1','1','1',1,'1','1','1',1,'1','1','1',1,1,1,'2018-04-24 08:24:06','2018-04-24 11:30:45',1,'1','1','1',1,'1','1','1'),(20,14,'batman 1','b111','robin','1234560932','bat@yahoo.big',1,'batboy','11111122','bb@yahoo.bat',1,'','','',0,0,0,'2018-04-24 10:14:08','2018-05-01 14:41:17',0,'Gotham','WB','123456',0,'','',''),(21,14,'batman 2','b222','super','11220946','b1@yahoo.sp',1,'batbb','89752697','hjds@yahoo.in',1,'batuu','54532212','fh@yahoo.rim',1,0,1,'2018-04-24 10:14:08','2018-05-01 14:41:17',1,'star','wb','111222',0,'','',''),(22,14,'batman 3','b333','arrow','73643873','bg@yahoo.ar',1,'bbyy','24657823','gs@yahoo.in',1,'shmg','62527878','hgsg@yahoo.dim',1,1,1,'2018-04-24 10:14:08','2018-05-01 14:41:17',0,'gotham','wb','123098',1,'nihgd','65783343','ghgdah@yahoo.in'),(24,14,'batman 4','b444','lantern','35546834','su@yahoo.ln',1,'ghter','1233476543','fds@yahoo.in',1,'qee@yahoo.ui','3435467896','sds@yahoo.lim',1,0,1,'2018-04-24 10:32:15','2018-05-01 14:41:17',1,'ggbat','gg','123997',0,'','','gg@yahoo.gog3'),(25,15,'A-68 Brahmapur South','NA','Manidipa Das','8584921820','manidipadas09@gmail.com',1,'','','',1,'','','',1,1,1,'2018-05-02 06:04:01','2018-05-02 06:10:45',0,'KOLKATA','NEAR KHEYALI SANGHA KHELAR (PLAY GROUND) MATH','700096',1,'','',''),(26,16,'A-68 Brahmapur South','NA','Manidipa Das','8584921820','manidipadas09@gmail.com',1,'','','',1,'','','',1,1,1,'2018-05-02 06:04:04','2018-05-02 06:04:04',0,'KOLKATA','NEAR KHEYALI SANGHA KHELAR (PLAY GROUND) MATH','700096',1,'','',''),(27,17,'A-68 Brahmapur South','NA','Manidipa Das','8584921820','manidipadas09@gmail.com',1,'','','',1,'','','',1,1,1,'2018-05-02 06:04:15','2018-05-02 06:04:15',0,'KOLKATA','NEAR KHEYALI SANGHA KHELAR (PLAY GROUND) MATH','700096',1,'','',''),(28,18,'A-68 Brahmapur South','NA','Manidipa Das','8584921820','manidipadas09@gmail.com',1,'','','',1,'','','',1,1,1,'2018-05-02 06:04:16','2018-05-02 06:04:16',0,'KOLKATA','NEAR KHEYALI SANGHA KHELAR (PLAY GROUND) MATH','700096',1,'','',''),(29,19,'A-68 Brahmapur South','NA','Manidipa Das','8584921820','manidipadas09@gmail.com',1,'','','',1,'','','',1,1,1,'2018-05-02 06:04:16','2018-05-02 06:04:16',0,'KOLKATA','NEAR KHEYALI SANGHA KHELAR (PLAY GROUND) MATH','700096',1,'','',''),(30,20,'A-68 Brahmapur South','NA','Manidipa Das','8584921820','manidipadas09@gmail.com',1,'','','',1,'','','',1,1,1,'2018-05-02 06:04:16','2018-05-02 06:04:16',0,'KOLKATA','NEAR KHEYALI SANGHA KHELAR (PLAY GROUND) MATH','700096',1,'','',''),(31,15,'c-106\nBRAHMAPUR SOUTH , KOLKATA','NA','swarnendu','8240803696','swar@gmail.com',1,'','','',1,'','','',1,0,1,'2018-05-02 06:22:33','2018-05-02 06:22:33',0,'KOLKATA','west bengal','700084',1,'','',''),(32,15,'Garia','NA','Subham','1234567890','su@gmail.com',1,'','','',1,'','','',1,1,1,'2018-05-02 06:37:31','2018-05-02 06:37:31',0,'KOLKATA','west bengal','700001',1,'','',''),(33,15,'Garia','NA','Subham','1234567890','suham@gmail.com',1,'','','',1,'','','',1,1,1,'2018-05-02 06:38:10','2018-05-02 06:38:10',0,'KOLKATA','west bengal','700001',1,'','',''),(34,21,'Jhargram','NA','Trisha Ghosh','1234567356','su@gmail.com',1,'','1234567','',1,'','','',1,0,1,'2018-05-02 06:44:05','2018-05-02 06:44:05',0,'KOLKATA','west bengal','700001',1,'','',''),(35,22,'Jhargram','NA','Trisha Ghosh','3214569872','su@gmail.com',1,'','1234567','',1,'','','',1,0,1,'2018-05-02 06:44:35','2018-05-02 06:44:35',0,'KOLKATA','west bengal','700001',1,'','',''),(36,23,'Jhargram','NA','Trisha Ghosh','3214569872','tri@gmail.com',1,'','1234567','',1,'','','',1,0,1,'2018-05-02 06:45:00','2018-05-02 06:45:00',0,'KOLKATA','west bengal','700001',1,'','',''),(37,24,'maldah','5','swarnendu basak','1234567895','swar@gmail.com',1,'','','',1,'','','',1,1,1,'2018-05-03 09:34:34','2018-05-03 09:38:13',0,'maldah','west bengal','732101',1,'','',''),(38,24,'6/7 kalimuddin sarkar lane','na','swarnendu','9933352411','swarneneub43@gmail.com',1,'','','',1,'','','',1,0,1,'2018-05-03 09:39:53','2018-05-03 09:39:53',1,'kolkata','west bengal','700015',1,'','','');
/*!40000 ALTER TABLE `customer_location_master` ENABLE KEYS */;
UNLOCK TABLES;

--
-- Table structure for table `customer_office_departments`
--

DROP TABLE IF EXISTS `customer_office_departments`;
/*!40101 SET @saved_cs_client     = @@character_set_client */;
/*!40101 SET character_set_client = utf8 */;
CREATE TABLE `customer_office_departments` (
  `customer_office_department_id` int(11) NOT NULL AUTO_INCREMENT,
  `customer_office_department_name` varchar(45) NOT NULL,
  `customer_office_department_status` int(11) NOT NULL,
  PRIMARY KEY (`customer_office_department_id`)
) ENGINE=InnoDB AUTO_INCREMENT=5 DEFAULT CHARSET=utf8;
/*!40101 SET character_set_client = @saved_cs_client */;

--
-- Dumping data for table `customer_office_departments`
--

LOCK TABLES `customer_office_departments` WRITE;
/*!40000 ALTER TABLE `customer_office_departments` DISABLE KEYS */;
INSERT INTO `customer_office_departments` VALUES (1,'Admin',1),(2,'HR',1),(3,'Sales',1),(4,'Marketing',1);
/*!40000 ALTER TABLE `customer_office_departments` ENABLE KEYS */;
UNLOCK TABLES;

--
-- Table structure for table `order_detail`
--

DROP TABLE IF EXISTS `order_detail`;
/*!40101 SET @saved_cs_client     = @@character_set_client */;
/*!40101 SET character_set_client = utf8 */;
CREATE TABLE `order_detail` (
  `oid` int(11) NOT NULL AUTO_INCREMENT,
  `order_id` int(11) NOT NULL,
  `asset_id` int(11) NOT NULL,
  `rental_begin_date` timestamp NULL DEFAULT NULL,
  `rental_end_date` timestamp NULL DEFAULT NULL,
  `daily_unit_price` double DEFAULT NULL,
  `current_procurement_price` double DEFAULT NULL,
  `total_unit_price` double DEFAULT NULL,
  `gst_value` double DEFAULT NULL,
  `total_value` double DEFAULT NULL,
  `status` tinyint(4) NOT NULL,
  PRIMARY KEY (`oid`)
) ENGINE=InnoDB AUTO_INCREMENT=53 DEFAULT CHARSET=utf8;
/*!40101 SET character_set_client = @saved_cs_client */;

--
-- Dumping data for table `order_detail`
--

LOCK TABLES `order_detail` WRITE;
/*!40000 ALTER TABLE `order_detail` DISABLE KEYS */;
INSERT INTO `order_detail` VALUES (1,1,1,'2018-04-19 12:46:20','2018-04-26 12:46:40',10,10000,70,10,77,0),(2,1,2,'2018-04-19 12:46:20','2018-04-27 12:46:44',10,6400,80,10,88,0),(3,1,3,'2018-04-19 12:46:20','2018-04-24 12:46:47',10,10000,50,10,55,0),(4,1,4,'2018-04-19 12:46:20','2018-04-28 12:46:50',20,2160,180,2,183.6,1),(5,1,13,'2018-04-19 12:46:20','2018-04-25 12:46:52',10,2000,60,10,66,1),(6,1,14,'2018-04-19 12:46:20','2018-05-05 12:46:56',10,0,160,10,176,1),(7,1,15,'2018-04-19 12:46:20','2018-05-02 12:46:59',20,0,260,3,267.8,1),(8,2,5,'2018-04-19 12:53:55','2018-04-27 12:54:10',10,10000,80,10,88,0),(9,2,6,'2018-04-19 12:53:55','2018-05-25 12:54:19',10,12000,360,10,396,0),(10,2,7,'2018-04-19 12:53:55','2018-05-26 12:54:21',10,12000,370,10,407,0),(11,2,16,'2018-04-19 12:53:55','2018-05-05 12:54:24',10,0,160,10,176,0),(12,2,17,'2018-04-19 12:53:55','2018-05-04 12:54:26',10,0,150,2,153,0),(13,2,18,'2018-04-19 12:53:55','2018-05-03 12:54:29',10,0,140,2,142.8,0),(14,2,19,'2018-04-19 12:53:55','2018-05-02 12:54:31',10,0,130,3,133.9,0),(15,3,8,'2018-04-19 12:56:44','2018-04-26 12:57:03',10,12000,70,2,71.4,0),(16,3,9,'2018-04-19 12:56:44','2018-04-28 12:57:06',10,9000,90,2,91.8,0),(17,4,1,'2018-04-20 14:46:13','2018-04-30 14:46:27',1000,10000,10000,10,11000,0),(18,4,5,'2018-04-20 14:46:13','2018-04-25 14:46:32',200,10000,1000,2,1020,0),(19,4,10,'2018-04-20 14:46:13','2018-04-27 14:46:34',300,9000,2100,5,2205,0),(20,4,16,'2018-04-20 14:46:13','2018-05-01 14:46:37',1000,0,11000,2,11220,1),(21,5,21,'2018-04-20 14:52:21','2018-04-26 14:52:40',1000,10000,6000,1,6060,1),(22,5,22,'2018-04-20 14:52:21','2018-04-28 14:52:43',1000,10000,8000,2,8160,1),(23,5,23,'2018-04-20 14:52:21','2018-04-23 14:52:46',2000,10000,6000,3,6180,1),(24,5,19,'2018-04-20 14:52:21','2018-05-05 14:52:48',4000,0,60000,4,62400,1),(25,6,21,'2018-04-20 14:52:21','2018-04-26 14:52:40',1000,10000,6000,1,6060,1),(26,6,22,'2018-04-20 14:52:21','2018-04-28 14:52:43',1000,10000,8000,2,8160,1),(27,6,23,'2018-04-20 14:52:21','2018-04-23 14:52:46',2000,10000,6000,3,6180,1),(28,6,19,'2018-04-20 14:52:21','2018-05-05 14:52:48',4000,0,60000,4,62400,1),(29,7,24,'2018-04-23 15:58:04','2018-05-04 15:58:19',1000,10000,11000,2,11220,1),(30,8,9,'2018-04-24 16:35:23','2018-05-03 16:35:39',100,9000,900,10,990,1),(31,11,32,'2018-04-25 12:42:55','2018-05-05 12:43:27',1,0,10,1,10.1,1),(32,12,31,'2018-04-25 12:44:26',NULL,NULL,0,NULL,NULL,NULL,1),(33,13,26,'2018-04-25 13:07:47','2018-05-03 13:08:11',10000,10000,80000,2,81600,0),(34,13,17,'2018-04-25 13:07:47','2018-05-02 13:08:17',1000,0,7000,3,7210,1),(35,13,18,'2018-04-25 13:07:47','2018-05-05 13:08:20',5000,0,50000,2.5,51250,1),(36,14,33,'2018-04-25 15:22:13','2018-05-04 15:22:20',10000,10000,90000,2,91800,1),(37,15,34,'2018-04-27 11:05:23','2018-05-05 11:05:54',10000,10000,80000,2,81600,0),(38,15,35,'2018-04-27 11:05:23','2018-05-04 11:05:58',5000,10000,35000,3,36050,0),(39,15,20,'2018-04-27 11:05:23','2018-05-05 11:06:02',2000,0,16000,2.5,16400,1),(40,16,43,'2018-04-27 12:18:56','2018-05-05 12:19:42',5000,0,40000,2,40800,1),(41,17,25,'2018-05-01 16:50:02','2018-05-25 16:50:12',10000,10000,240000,2,244800,0),(42,18,42,'2018-05-02 01:03:00','2018-05-25 01:03:09',10000,10000,230000,2,234600,0),(43,18,45,'2018-05-02 01:03:00','2018-05-25 01:03:12',1000,0,23000,5,24150,0),(44,19,41,'2018-05-02 01:04:51','2018-05-31 01:05:00',10000,10000,290000,2,295800,0),(45,19,45,'2018-05-02 01:04:51','2018-05-31 01:05:03',1000,0,29000,5,30450,1),(46,20,29,'2018-05-02 13:29:44',NULL,NULL,10000,NULL,NULL,NULL,1),(47,21,1,'2018-05-03 16:11:55',NULL,2000,10000,0,5,0,1),(48,21,44,'2018-05-03 16:11:55',NULL,500,0,0,5,0,1),(49,21,30,'2018-05-03 16:11:55',NULL,600,0,0,5,0,1),(50,22,1,'2018-05-03 16:11:55',NULL,2000,10000,0,5,0,1),(51,22,44,'2018-05-03 16:11:55',NULL,500,0,0,5,0,1),(52,22,30,'2018-05-03 16:11:55',NULL,600,0,0,5,0,1);
/*!40000 ALTER TABLE `order_detail` ENABLE KEYS */;
UNLOCK TABLES;

--
-- Table structure for table `order_master`
--

DROP TABLE IF EXISTS `order_master`;
/*!40101 SET @saved_cs_client     = @@character_set_client */;
/*!40101 SET character_set_client = utf8 */;
CREATE TABLE `order_master` (
  `ID` int(11) NOT NULL AUTO_INCREMENT,
  `customer_id` int(11) NOT NULL,
  `total_amount` double DEFAULT NULL,
  `challan_number` int(10) NOT NULL,
  `order_date` timestamp NULL DEFAULT NULL,
  `customer_location_id` int(11) NOT NULL,
  `parent_challan_id` int(11) DEFAULT NULL,
  `uea_number` varchar(45) DEFAULT NULL,
  `po` varchar(45) DEFAULT NULL,
  `po_reference` varchar(45) DEFAULT NULL,
  `cn_number` varchar(45) DEFAULT NULL,
  `delivery_person_name` varchar(50) DEFAULT NULL,
  `comment` longtext,
  PRIMARY KEY (`ID`)
) ENGINE=InnoDB AUTO_INCREMENT=23 DEFAULT CHARSET=utf8;
/*!40101 SET character_set_client = @saved_cs_client */;

--
-- Dumping data for table `order_master`
--

LOCK TABLES `order_master` WRITE;
/*!40000 ALTER TABLE `order_master` DISABLE KEYS */;
INSERT INTO `order_master` VALUES (1,2,913.4,15,'2018-04-19 12:46:20',4,0,'a','b','c','d','e','Hello World'),(2,3,1496.7,6,'2018-04-19 12:53:55',9,0,'1','2','3','4','5','Only Numbers'),(3,3,163.2,16,'2018-04-19 12:56:44',12,6,'h','i','k','y','r','Random'),(4,1,25445,17,'2018-04-20 14:46:13',3,0,'g','w','t','j','f','dddd'),(5,1,82800,18,'2018-04-20 14:52:21',3,17,'g','g','g','g','g','gggg'),(6,1,82800,1,'2018-04-20 14:52:21',3,17,'g','g','g','g','g','gggg'),(7,2,11220,20,'2018-04-23 15:58:04',7,15,'12','3','4','5','6','fdg'),(8,2,990,1,'2018-04-24 16:35:23',6,15,'jjj','jj','jjj','jjj','jjjj','jjjj'),(9,14,0,1,'2018-04-25 12:05:38',22,0,'','','','','',''),(10,14,0,10,'2018-04-25 12:11:30',24,1,'','','','','',''),(11,14,10.1,1,'2018-04-25 12:42:55',22,0,'jJjJJJ','j','jj','','j','jj'),(12,14,0,1,'2018-04-25 12:44:26',22,NULL,'','','','','',''),(13,14,140060,33,'2018-04-25 13:07:47',22,NULL,'g','t','u','c','j','g'),(14,3,91800,21,'2018-04-25 15:22:13',8,0,'t','t','t','g','g','Checking out Transfer Order Date'),(15,14,134050,22,'2018-04-27 11:05:23',22,1,'g','g','g','k','y','rff'),(16,14,40800,1,'2018-04-27 12:18:56',22,NULL,'','','','','',''),(17,14,244800,30,'2018-05-01 16:50:02',22,0,'g','g','g','g','g','g'),(18,14,258750,20,'2018-05-02 01:03:00',22,1,'hH','h','h','h','h','h'),(19,14,326250,21,'2018-05-02 01:04:51',22,0,'h','','c','g','j','Testing for config'),(20,15,0,25,'2018-05-02 13:29:44',25,0,'','','','','',''),(21,24,0,33,'2018-05-03 16:11:55',37,0,'fytrf5575','maldah','maldah','jlkbnl876','swarnendu',''),(22,19,0,34,'2018-05-03 16:11:55',29,0,'fytrf5575','garia','naktala','jlkbnl876','Manidipa','');
/*!40000 ALTER TABLE `order_master` ENABLE KEYS */;
UNLOCK TABLES;

--
-- Table structure for table `pune_laptop_dump`
--

DROP TABLE IF EXISTS `pune_laptop_dump`;
/*!40101 SET @saved_cs_client     = @@character_set_client */;
/*!40101 SET character_set_client = utf8 */;
CREATE TABLE `pune_laptop_dump` (
  `Sr` int(11) DEFAULT NULL,
  `Asset_TAG_NO` text,
  `Model_No` text,
  `MTM_No` text,
  `Serial_No` text,
  `Processor` text,
  `Stock_Status` text,
  `Speed` text,
  `RAM` text,
  `HDD` text,
  `ODD` text,
  `OS` text,
  `OEM_Preloaded` text,
  `COA_no` text,
  `Battery` text,
  `Scree_Size` text,
  `Graphics Card` text,
  `Damaged` text,
  `Product_Key_no` text,
  `Adapter_serial_no` text
) ENGINE=InnoDB DEFAULT CHARSET=utf8;
/*!40101 SET character_set_client = @saved_cs_client */;

--
-- Dumping data for table `pune_laptop_dump`
--

LOCK TABLES `pune_laptop_dump` WRITE;
/*!40000 ALTER TABLE `pune_laptop_dump` DISABLE KEYS */;
INSERT INTO `pune_laptop_dump` VALUES (1,'CEPLP#101','Compaq 420','','5CG048022S','C2D','In Stock','2.20GHz','4GB','320GB','DVD-RW','Win-7 Pro.','','00180448369596','6BALL03BBZC1ED','14\" LED','NA','Right battery lock broken','',''),(2,'CEPLP#102','Compaq 420','','5CG048025S','C2D','In Stock','2.20GHz','4GB','320GB','DVD-RW','Win-7 Pro.','','00180447535782','6BALL03BBZC1A6','14\" LED','NA','Left side battery lock broken','',''),(3,'CEPLP#103','Compaq 420','','5CG04802C2','C2D','In Stock','2.20GHz','4GB','320GB','DVD-RW','Win-7 Pro.','','00180447166868','6BALL03BBZC1BV','14\" LED','NA','Left side body broken','',''),(4,'CEPLP#104','Compaq 420','','5CG04802CH','C2D','In Stock','2.20GHz','4GB','320GB','DVD-RW','Win-7 Pro.','','00180447535771','6BJXK01KRZX8PP','14\" LED','NA','Right side battery lock broken','',''),(5,'','Compaq 420','','5CG04900WM','C2D','In Stock','2.20GHz','4GB','320GB','DVD-RW','Win-7 Pro.','','00180448369474','6BBVPD2SMZSR0X','14\" LED','NA','','',''),(6,'CEPLP#105','Compaq 420','','5CG04900ZG','C2D','In Stock','2.20GHz','4GB','320GB','DVD-RW','Win-7 Pro.','','00180447065792','6BALL03BBZC19J','14\" LED','NA','Front right side body broken','',''),(7,'CEPLP#106','Compaq 420','','5CG049016D','C2D','In Stock','2.20GHz','4GB','320GB','DVD-RW','Win-7 Pro.','','00180447429766','6BALL03BBZC0UF','14\" LED','NA','Both side battery lock broken','',''),(8,'CEPLP#109','Compaq 420','','5CG05208MP','C2D','In Stock','2.20GHz','4GB','320GB','DVD-RW','Win-7 Pro.','','00180447066256','6BALH01BJ0F7Z1','14\" LED','NA','','',''),(9,'CEPLP#110','Compaq 420','','5CG05208MX','C2D','In Stock','2.20GHz','4GB','320GB','DVD-RW','Win-7 Pro.','','00180447066270','6BALL03BBZRE3K','14\" LED','NA','','',''),(10,'CEPLP#113','Compaq 420','','5CG05208P3','C2D','In Stock','2.20GHz','4GB','320GB','DVD-RW','Win-7 Pro.','','00180447065742','6BALL03BBZRE8K','14\" LED','NA','','',''),(11,'CEPLP#114','Compaq 420','','5CG05208P7','C2D','In Stock','2.20GHz','4GB','320GB','DVD-RW','Win-7 Pro.','','00180445652054','6BALL03BBZRE8H','14\" LED','NA','','',''),(12,'CEPLP#115','Compaq 420','','5CG05208PG','C2D','In Stock','2.20GHz','4GB','320GB','DVD-RW','Win-7 Pro.','','00180447066265','6BALL03BBZRE8C','14\" LED','NA','','',''),(13,'CEPLP#142','Compaq 420','','5CG05208PS','C2D','In Stock','2.20GHz','4GB','320GB','DVD-RW','Win-7 Pro.','','00180447066216','6BALH01BJ0F82R','14\" LED','NA','Front right side body broken','',''),(14,'CEPLP#116','Compaq 420','','5CG05208Q6','C2D','In Stock','2.20GHz','4GB','320GB','DVD-RW','Win-7 Pro.','','00180447066271','6BBVPD3SMZT0PI','14\" LED','NA','Right side battery lock broken','',''),(15,'CEPLP#117','Compaq 420','','5CG05208Q9','C2D','In Stock','2.20GHz','4GB','320GB','DVD-RW','Win-7 Pro.','','00180447066254','ARK-27112014-1yr-14082327','14\" LED','NA','','',''),(16,'','Compaq 420','','5CG05208RN','C2D','In Stock','2.20GHz','4GB','320GB','DVD-RW','Win-7 Pro.','','00180447066275','6BBVPD4SMZT0RF','14\" LED','NA','','',''),(18,'CEPLP#119','Compaq 420','','5CG052090L','C2D','In Stock','2.20GHz','4GB','320GB','DVD-RW','Win-7 Pro.','','00180447066249','6BALPN3B7ZWDZ5','14\" LED','NA','','',''),(19,'','Compaq 420','','5CG052090R','C2D','In Stock','2.20GHz','4GB','320GB','DVD-RW','Win-7 Pro.','','00180447065757','6BBVPD4SMZT3RU','14\" LED','NA','','',''),(20,'CEPLP#143','Compaq 420','','5CG10202FB','C2D','In Stock','2.20GHz','4GB','320GB','DVD-RW','Win-7 Pro.','','00180447429897','6BJXK01SPZELQ1','14\" LED','NA','','',''),(22,'CEPLP#121','Compaq 420','','5CG1070571','C2D','In Stock','2.20GHz','4GB','320GB','DVD-RW','Win-7 Pro.','','00180447429908','6BALPN3B7ZX4P0','14\" LED','NA','','',''),(23,'CEPLP#122','Compaq 420','','5CG10705G2','C2D','In Stock','2.20GHz','4GB','320GB','DVD-RW','Win-7 Pro.','','00180447166845','6BALL03BBZS0U7','14\" LED','NA','Right side battery lock broken','',''),(24,'CEPLP#123','Compaq 420','','5CG107060K','C2D','In Stock','2.20GHz','4GB','320GB','DVD-RW','Win-7 Pro.','','00180447535772','6ABALH01BJ0F82R','14\" LED','NA','Right side battery lock broken','',''),(25,'CEPLP#141','Compaq 420','','5CG107068P','C2D','In Stock','2.20GHz','4GB','320GB','DVD-RW','Win-7 Pro.','','00180447429899','6BALPN3B7ZX4SG','14\" LED','NA','','',''),(26,'CEPLP#124','Compaq 420','','5CG10706G6','C2D','In Stock','2.20GHz','4GB','320GB','DVD-RW','Win-7 Pro.','','00180441299610','6BALL03BBZC7RG','14\" LED','NA','','','');
/*!40000 ALTER TABLE `pune_laptop_dump` ENABLE KEYS */;
UNLOCK TABLES;
/*!40103 SET TIME_ZONE=@OLD_TIME_ZONE */;

/*!40101 SET SQL_MODE=@OLD_SQL_MODE */;
/*!40014 SET FOREIGN_KEY_CHECKS=@OLD_FOREIGN_KEY_CHECKS */;
/*!40014 SET UNIQUE_CHECKS=@OLD_UNIQUE_CHECKS */;
/*!40101 SET CHARACTER_SET_CLIENT=@OLD_CHARACTER_SET_CLIENT */;
/*!40101 SET CHARACTER_SET_RESULTS=@OLD_CHARACTER_SET_RESULTS */;
/*!40101 SET COLLATION_CONNECTION=@OLD_COLLATION_CONNECTION */;
/*!40111 SET SQL_NOTES=@OLD_SQL_NOTES */;

-- Dump completed on 2018-05-07 13:57:40
